Date Mailed,Date reported recieved,lat,lon,City,State,Zipcode ,Country,GlobalRegion,Distance From SF,USPS Sectional Center,State_2,SC_lat,SC_lon,Notes,Date Return Env Sent,Date Return Env Arrives,StickerChoice
8/15/2020,8/18/2020,42.9134,-85.7053,Wyoming,MI,49519,US,NorthAmerica,1950,Grand Rapids,MI,42.9632405,-85.6678639,,,,Boxes
8/15/2020,8/29/2020,35.994,-78.8986,Durham,NC,27705,US,NorthAmerica,2386,Raleigh,NC,35.9054651,-78.7492316,,,,Surprise Me
8/15/2020,8/24/2020,35.994,-78.8986,"Guelph, Ontario",Canada,90210,Canada,NorthAmerica,2221,,,,,,,,Blue Floral
8/15/2020,9/2/2020,48.4284,-123.3656,"Victoria, BC",Canada,11111,Canada,NorthAmerica,737,,,,,,,,Blue Floral
8/15/2020,8/18/2020,40.4406,-79.9959,PITTSBURGH,PA,15236,US,NorthAmerica,2260,Pittsburgh,PA,40.4579648,-80.0196764,,,,Surprise Me
8/15/2020,8/18/2020,29.4241,-98.4936,San Antonio,TX,78255,US,NorthAmerica,1487,San Antonio,TX,29.533415,-98.4091001,,,,Boxes
8/15/2020,8/19/2020,33.4484,-112.074,Phoenix,AZ,85013,US,NorthAmerica,653,Phoenix,AZ,33.4484367,-112.0741417,,,,Surprise Me
8/15/2020,8/28/2020,33.4353,-112.3577,Goodyear,AZ,85338,US,NorthAmerica,639,Phoenix,AZ,33.4484367,-112.0741417,,,,Boxes
8/15/2020,8/17/2020,37.9735,-122.5311,San Rafael,CA,94903,US,NorthAmerica,15,San Francisco,CA,37.7790262,-122.4199061,,,,Surprise Me
8/15/2020,8/18/2020,37.7749,-122.4194,San Francisco,CA,94117,US,NorthAmerica,3,San Francisco,CA,37.7790262,-122.4199061,,,,Red Floral
8/15/2020,8/19/2020,33.4484,-112.074,Phoenix,AZ,85019,US,NorthAmerica,653,Phoenix,AZ,33.4484367,-112.0741417,,,,Blue Floral
8/15/2020,8/31/2020,43.6532,-79.3832,"Toronto, Ontario",Canada,12345,Canada,NorthAmerica,2264,,,,,,,,Surprise Me
8/24/2020,8/26/2020,37.7749,-122.4194,San Francisco ,CA,94131,US,NorthAmerica,3,San Francisco,CA,37.7790262,-122.4199061,,11/30/2020,10/05/2020,Surprise Me
8/24/2020,8/26/2020,37.7749,-122.4194,San Francisco,CA,94131,US,NorthAmerica,3,San Francisco,CA,37.7790262,-122.4199061,,,,Boxes
8/24/2020,8/25/2020,37.7749,-122.4194,San Francisco,CA,94114,US,NorthAmerica,3,San Francisco,CA,37.7790262,-122.4199061,,,,Boxes
8/24/2020,8/27/2020,39.9526,-75.1652,Philadelphia ,PA,19130,US,NorthAmerica,2516,Philadelphia,PA,39.904805,-75.23723,,,,Blue Floral
8/24/2020,9/2/2020,38.8816,-77.091,Arlington ,VA,22207,US,NorthAmerica,2433,Northern,VA,38.873644,-77.2355603,,,,Boxes
8/24/2020,8/28/2020,25.7617,-80.1918,Miami,FL,33186,US,NorthAmerica,2590,Miami,FL,25.7742658,-80.1936589,,,,Boxes
8/24/2020,8/26/2020,37.7799,-122.2822,Alameda,CA,94501,US,NorthAmerica,10,Oakland,CA,37.806449,-122.299967,,,,Blue Floral
8/24/2020,9/22/2020,-33.628,151.148,Berowra,NSW Australia,2081,Australia,EastAsia,8162,,,,,,,,Boxes
8/24/2020,8/27/2020,41.5895,-88.0578,Lockport,IL,60441,US,NorthAmerica,1834,South Suburban,IL,41.759049,-87.800137,,,,Surprise Me
8/24/2020,,33.0198,-96.6989,Plano,TX,75074,US,NorthAmerica,1481,North Texas,TX,32.9550579,-97.0223733,,,,Boxes
08/31/2020,9/3/2020,45.4157,-122.7163,Lake Oswego,OR,97034,US,NorthAmerica,528,Portland,OR,45.5745309,-122.5932357,,09/14/2020,09/17/2020,Surprise Me
08/31/2020,9/3/2020,42.2335,-72.8796,Huntington,MA,01050,US,NorthAmerica,2602,Hartford,CT,41.789872,-72.661822,,09/08/2020,09/12/2020,Surprise Me
08/31/2020,9/2/2020,33.985,-118.4695,Venice,CA,90291,US,NorthAmerica,343,Los Angeles,CA,33.9792191,-118.256447,,09/04/2020,09/08/2020,Surprise Me
08/31/2020,9/3/2020,33.3528,-111.789,Gilbert,AZ,85233,US,NorthAmerica,671,Phoenix,AZ,33.4484367,-112.0741417,,09/05/2020,09/08/2020,Surprise Me
08/31/2020,9/3/2020,40.3916,-111.8508,Lehi,UT,84043,US,NorthAmerica,594,Salt Lake City,UT,40.7596198,-111.8867975,,,,Red Floral
08/31/2020,9/3/2020,42.4584,-71.0662,Melrose,MA,02176,US,NorthAmerica,2691,Boston,MA,42.3508036,-71.0536732,,,,Blue Floral
08/31/2020,9/4/2020,42.0145,-86.5195,Stevensville,MI,49127,US,NorthAmerica,1911,Grand Rapids,MI,42.9632405,-85.6678639,,09/08/2020,09/12/2020,Surprise Me
08/31/2020,9/3/2020,38.627,-90.1994,St. Louis,MO,63130,US,NorthAmerica,1741,St. Louis,MO,38.6289041,-90.2052258,,09/04/2020,09/08/2020,Surprise Me
08/31/2020,9/3/2020,41.3984,-81.8046,Brook Park,OH,44142,US,NorthAmerica,2156,Cleveland,OH,41.5051613,-81.6934446,,09/04/2020,09/08/2020,Blue Floral
08/31/2020,9/3/2020,30.2672,-97.7431,Austin,TX,78703,US,NorthAmerica,1499,Austin,TX,30.334243,-97.6668293,,,,Surprise Me
08/31/2020,9/4/2020,42.3601,-71.0589,Boston,MA,02215,US,NorthAmerica,2692,Boston,MA,42.3508036,-71.0536732,,,,Boxes
08/31/2020,9/3/2020,32.2226,-110.9747,Tucson,AZ,85719,US,NorthAmerica,752,Tucson,AZ,32.2228765,-110.9748477,,09/05/2020,09/08/2020,Blue Floral
08/31/2020,9/2/2020,37.8715,-122.273,Berkeley,CA,94709,US,NorthAmerica,10,Oakland,CA,37.806449,-122.299967,,09/04/2020,09/08/2020,Boxes
08/31/2020,9/8/2020,25.7617,-80.1918,Miami,FL,33133,US,NorthAmerica,2590,Miami,FL,25.7742658,-80.1936589,,,,Surprise Me
09/12/2020,9/21/2020,49.8728,8.6512,Darmstadt,Germany,64293,Germany,Europe,5687,,,,,,,,Blue Floral
09/04/2020,9/9/2020,36.988,-121.9566,Soquel,CA,95073,US,NorthAmerica,60,San Jose,CA,37.3895163,-121.8877285,,09/26/2020,09/28/2020,Surprise Me
09/04/2020,9/8/2020,33.4152,-111.8315,Mesa,AZ,85201,US,NorthAmerica,666,Phoenix,AZ,33.4484367,-112.0741417,,09/08/2020,09/12/2020,Blue Floral
09/04/2020,9/8/2020,34.0522,-118.2437,Los Angeles,CA,91343,US,NorthAmerica,347,Santa Clarita,CA,34.427245,-118.637359,,,,Blue Floral
09/04/2020,9/8/2020,41.1537,-81.3579,Kent,OH,44240,US,NorthAmerica,2182,Akron,OH,41.083064,-81.518485,,9/8/2020,09/14/2020,Boxes
09/04/2020,9/9/2020,51.3438,-1.1322,Tadley,Hampshire,265,UK,Europe,5331,,,,,,,,Red Floral
09/04/2020,9/16/2020,49.2827,-123.1207,Vancouver ,"British Columbia , Canada",0000000,Canada,NorthAmerica,794,,,,,,,,Boxes
09/04/2020,9/9/2020,42.3601,-71.0589,Boston,MA,02127,US,NorthAmerica,2692,Boston,MA,42.3508036,-71.0536732,,09/11/20,09/14/2020,Blue Floral
09/04/2020,9/8/2020,32.7157,-117.1611,San Diego,CA,92105,US,NorthAmerica,458,San Diego,CA,32.985109,-117.080026,Sent two envelopes on same day,09/16/2020,09/19/2020,Boxes
09/04/2020,9/9/2020,45.5051,-122.675,Portland,OR,97203,US,NorthAmerica,534,Portland,OR,45.5745309,-122.5932357,,9/10/2020,09/14/2020,Surprise Me
09/04/2020,9/8/2020,38.9795,-90.9807,Troy,MO,63379,US,NorthAmerica,1950,St. Louis,MO,38.6289041,-90.2052258,,,,Blue Floral
09/04/2020,9/9/2020,43.4799,-110.7624,Jackson,WY,83001,US,NorthAmerica,725,Salt Lake City,UT,40.7596198,-111.8867975,,09/11/2020,09/14/2020,Surprise Me
09/09/2020,9/11/2020,37.5485,-121.9886,Fremont,CA,94536,US,NorthAmerica,28,Oakland,CA,37.806449,-122.299967,,,,Surprise Me
09/09/2020,9/12/2020,43.2767,-123.3475,Winchester,OR,97495,US,NorthAmerica,383,Eugene,OR,44.0505054,-123.0950506,,,,Boxes
09/09/2020,9/14/2020,42.3464,-71.1627,Brighton,MA,02135,US,NorthAmerica,2688,Boston,MA,42.3508036,-71.0536732,,09/15/2020,,Surprise Me
09/09/2020,9/14/2020,38.9779,-77.0075,Takoma Park ,MD,20912,US,NorthAmerica,2435,Suburban Maryland,MD,39.1200935,-77.181295,,,,Boxes
09/09/2020,,35.0844,-106.6504,Albuquerque ,NM,87108,US,NorthAmerica,895,Albuquerque,NM,35.0841034,-106.6509851,,,,Blue Floral
09/09/2020,9/12/2020,39.1653,-86.5264,Bloomington,IN,47401,US,NorthAmerica,1930,Indianapolis,IN,39.7683331,-86.1583502,,,,Boxes
09/09/2020,9/12/2020,39.084,-77.1528,Rockville,MD,20851,US,NorthAmerica,2426,Suburban Maryland,MD,39.1200935,-77.181295,,10/01/2020,10/07/2020,Surprise Me
09/09/2020,9/15/2020,39.2037,-76.861,Columbia,MD,21044,US,NorthAmerica,2438,Linthicum,MD,39.2096459,-76.67805,,,,Boxes
09/09/2020,9/17/2020,43.6532,-79.3832,Toronto,ON,00000,Canada,NorthAmerica,2264,,,,,,,,Surprise Me
09/09/2020,9/15/2020,42.1745,-74.0201,Palenville ,NY,12463,US,NorthAmerica,2546,Mid-Hudson,NY,41.513642,-74.113819,,9/16/2020,09/19/2020,Blue Floral
09/09/2020,9/16/2020,42.3876,-71.0995,Somerville,MA,02143,US,NorthAmerica,2690,Boston,MA,42.3508036,-71.0536732,,,,Red Floral
09/09/2020,9/16/2020,36.3062,-81.5134,Fleetwood,NC,28626,US,NorthAmerica,2240,Greensboro,NC,36.1068965,-79.9823012,,09/21/2020,09/25/2020,Surprise Me
09/09/2020,9/12/2020,30.2241,-92.0198,Lafayette ,LA,70506,US,NorthAmerica,1519,Lafayette,LA,30.2240897,-92.0198427,,,,Surprise Me
09/09/2020,9/12/2020,42.2287,-71.5226,Hopkinton,MA,01748,US,NorthAmerica,2671,Central Massachusetts,MA,42.111079,-71.672142,,,,Surprise Me
09/09/2020,9/11/2020,36.9741,-122.0308,Santa Cruz,CA,95060,US,NorthAmerica,59,San Jose,CA,37.3895163,-121.8877285,,09/14/2020,09/16/2020,Blue Floral
09/12/2020,9/14/2020,37.7749,-122.4194,San Francisco,CA,94112,US,NorthAmerica,3,San Francisco,CA,37.7790262,-122.4199061,,09/23/2020,09/26/2020,Boxes
09/12/2020,9/14/2020,38.6857,-121.0822,El Dorado Hills,CA,95762,US,NorthAmerica,96,Sacramento,CA,38.5723865,-121.568224,,,,Surprise Me
09/12/2020,9/15/2020,36.3134,-82.3535,Johnson City,TN,37604,US,NorthAmerica,2195,Knoxville,TN,35.948205,-84.01306,,09/15/2020,,Boxes
09/12/2020,9/19/2020,38.9779,-77.0075,Takoma Park,MD,20912,US,NorthAmerica,2435,Suburban Maryland,MD,39.1200935,-77.181295,,09/17/2020,09/21/2020,Red Floral
09/12/2020,9/15/2020,41.736,-72.795,Farmington,CT,06085,US,NorthAmerica,2439,Hartford,CT,41.789872,-72.661822,,10/23/2020,10/28/2020,Surprise Me
09/12/2020,9/15/2020,41.8781,-87.6298,Chicago,IL,60618,US,NorthAmerica,1854,Chicago,IL,41.874361,-87.636784,,09/19/2020,09/22/2020,Boxes
09/12/2020,9/15/2020,45.5051,-122.675,Portland,OR,97239,US,NorthAmerica,534,Portland,OR,45.5745309,-122.5932357,,,,Red Floral
09/12/2020,9/21/2020,49.2827,-123.1207,Vancouver BC,Canada,000000,Canada,NorthAmerica,794,,,,,,,,Surprise Me
09/12/2020,9/18/2020,55.9533,-3.1883,Edinburgh,Scotland,0123456789,Scotland,Europe,5047,,,,,,09/23/2020,10/2/2020,Boxes
09/12/2020,9/25/2020,46.0569,14.5058,Ljubljana,Slovenia,1000,Slovenia,Europe,6058,,,,,,,,Surprise Me
09/12/2020,9/15/2020,40.0084,-75.2605,Narberth,PA,19072,US,NorthAmerica,2510,Philadelphia,PA,39.904805,-75.23723,,09/16/2020,09/21/2020,Boxes
09/12/2020,9/15/2020,40.0697,-75.1253,Elkins Park,PA,19072,US,NorthAmerica,2517,Philadelphia,PA,39.904805,-75.23723,,09/20/2020,09/25/2020,Blue Floral
09/12/2020,11/10/2020,-37.914,145.369,Selby,Victoria,3159,Australia,EastAsia,7849,,,,,,,,Red Floral
9/18/2020,10/9/2020,30.5083,-97.6789,Round rock,TX,78665,US,NorthAmerica,1495,Austin,TX,30.334243,-97.6668293,,,,Boxes
9/18/2020,9/21/2020,41.6611,-91.5302,Iowa City ,IA,52246,US,NorthAmerica,1654,Cedar Rapids,IA,41.9758872,-91.6704053,,09/22/2020,09/25/2020,Boxes
9/18/2020,,40.6782,-73.9442,Brooklyn,NY,11211,US,NorthAmerica,2566,Brooklyn,NY,40.6637372,-73.8604624,,,,Blue Floral
9/18/2020,9/21/2020,41.8781,-87.6298,Chicago,IL,60640,US,NorthAmerica,1854,Chicago,IL,41.874361,-87.636784,,09/25/2020,09/30/2020,Surprise Me
9/18/2020,9/24/2020,43.6532,-79.3832,Toronto,ON,111111,Canada,NorthAmerica,2264,,,,,,,,Blue Floral
9/18/2020,9/21/2020,34.0522,-118.2437,Los Angeles,CA,90024,US,NorthAmerica,347,Los Angeles,CA,33.9792191,-118.256447,,09/24/2020,09/28/2020,Blue Floral
9/18/2020,,40.8257,-73.6982,Port Washington,NY,11050,US,NorthAmerica,2580,Queens,NY,40.781662,-73.8367022,,,,Boxes
9/18/2020,,37.7749,-122.4194,San Francisco,CA,94131,US,NorthAmerica,3,San Francisco,CA,37.7790262,-122.4199061,,,,Surprise Me
9/18/2020,9/21/2020,37.7749,-122.4194,San Francisco,CA,94114,US,NorthAmerica,3,San Francisco,CA,37.7790262,-122.4199061,,09/23/2020,09/25/2020,Red Floral
9/18/2020,9/22/2020,47.6062,-122.3321,Seattle,Wa,98112,US,NorthAmerica,678,Seattle,WA,47.5069174,-122.2969524,,09/24/2020,09/28/2020,Boxes
9/18/2020,9/22/2020,47.4668,-122.3405,Burien,WA,98168,US,NorthAmerica,669,Seattle,WA,47.5069174,-122.2969524,,09/23/2020,,Boxes
9/18/2020,9/22/2020,37.3688,-122.0363,Sunnyvale,California,94085,US,NorthAmerica,35,San Francisco,CA,37.7790262,-122.4199061,,,,Boxes
9/18/2020,9/22/2020,41.8781,-87.6298,Chicago,IL,60637,US,NorthAmerica,1854,Chicago,IL,41.874361,-87.636784,postmarked 9/28/2020,9/28/2020,10/02/2020,Boxes
9/18/2020,9/23/2020,41.8781,-87.6298,Chicago,IL,60615,US,NorthAmerica,1854,Chicago,IL,41.874361,-87.636784,"from dropbox at 53rd & woodlawn, chicago",09/28/2020,10/02/2020,Boxes
9/18/2020,9/21/2020,41.8781,-87.6298,Chicago,IL,60637,US,NorthAmerica,1854,Chicago,IL,41.874361,-87.636784,,,,Surprise Me
9/18/2020,11/26/2020,-12.0464,-77.0428,Lima,Lima,15086,Peru,SouthAmerica,4524,,,,,,,,Boxes
9/18/2020,9/21/2020,38.6682,-90.3325,University City ,MO,63130,US,NorthAmerica,1733,St. Louis,MO,38.6289041,-90.2052258,,09/23/2020,09/25/2020,Surprise Me
9/18/2020,,36.7534,-86.1905,Scottsville,KY,42164,US,NorthAmerica,1980,Nashville,TN,36.1493962,-86.6748792,,,,Boxes
9/18/2020,9/22/2020,43.1806,-87.9006,Bayside,WI,53217,US,NorthAmerica,1838,Milwaukee,WI,43.0349931,-87.922497,,,,Boxes
9/18/2020,9/23/2020,37.7749,-122.4194,San Francisco,CA,94110,US,NorthAmerica,3,San Francisco,CA,37.7790262,-122.4199061,,,,Surprise Me
9/18/2020,9/22/2020,41.8781,-87.6298,Chicago,IL,60615,US,NorthAmerica,1854,Chicago,IL,41.874361,-87.636784,,09/23/2020,09/28/2020,Surprise Me
9/18/2020,9/21/2020,37.3688,-122.0363,Sunnyvale,CA,94087,US,NorthAmerica,35,San Francisco,CA,37.7790262,-122.4199061,,10/01/2020,10/03/2020,Surprise Me
9/18/2020,9/23/2020,45.0275,-93.0898,Little Canada,MN,55117,US,NorthAmerica,1590,St. Paul,MN,44.9504037,-93.1015026,,9/24/2020,09/28/2020,Surprise Me
9/18/2020,9/21/2020,38.7801,-77.3867,Clifton,VA,20124,US,NorthAmerica,2418,Dulles,VA,39.00074,-77.458761,,09/21/2020,09/25/2020,Surprise Me
9/18/2020,9/21/2020,33.749,-84.388,Atlanta,GA,30339,US,NorthAmerica,2135,Atlanta,GA,33.652792,-84.395843,,,,Boxes
9/18/2020,9/21/2020,40.6782,-73.9442,Brooklyn,NY,11220,US,NorthAmerica,2566,Brooklyn,NY,40.6637372,-73.8604624,,,,Surprise Me
09/22/2020,,45.815,15.9819,Zagreb,Croatia (EU),10000,Croatia,Europe,6109,,,,,,,,Boxes
09/22/2020,9/25/2020,38.9897,-76.9378,college park,MD,20740,US,NorthAmerica,2438,Southern Maryland,MD,38.881318,-76.850687,,,,Surprise Me
09/22/2020,,38.4404,-122.7141,Santa Rosa ,CA,95401,US,NorthAmerica,48,San Francisco,CA,37.7790262,-122.4199061,,,,Surprise Me
09/22/2020,9/24/2020,37.3541,-121.9552,Santa Clara,CA,95050,US,NorthAmerica,39,San Jose,CA,37.3895163,-121.8877285,,09/25/2020,09/28/2020,Surprise Me
09/22/2020,9/25/2020,47.6101,-122.2015,Bellevue ,WA,98004,US,NorthAmerica,679,Seattle,WA,47.5069174,-122.2969524,,09/25/2020,09/28/2020,Surprise Me
09/22/2020,9/24/2020,37.8044,-122.2712,Oakland,CA,94612,US,NorthAmerica,8,Oakland,CA,37.806449,-122.299967,,,,Surprise Me
09/22/2020,,39.084,-76.7002,Odenton,Md ,21113,US,NorthAmerica,2449,Linthicum,MD,39.2096459,-76.67805,,,,Red Floral
09/22/2020,9/30/2020,50.1109,8.6821,Frankfurt,Hesse,65929,Germany,Europe,5674,,,,,,,,Boxes
09/22/2020,9/28/2020,42.3464,-71.1627,Brighton,MA,02135,US,NorthAmerica,2688,Boston,MA,42.3508036,-71.0536732,,,,Boxes
09/22/2020,10/1/2020,51.2304,5.3110,Lommel,Limburg,3920,Belgium,Europe,5523,,,,,,,,Surprise Me
09/22/2020,9/26/2020,39.9936,-105.0897,Lafayette,CO,80026,US,NorthAmerica,942,Denver,CO,39.8317681,-104.6922579,,10/06/2020,10/14/2020,Surprise Me
09/22/2020,9/29/2020,41.6314,-72.4596,Marlborough,CT,06447,US,NorthAmerica,2451,Hartford,CT,41.789872,-72.661822,,,,Boxes
09/23/2020,9/29/2020,52.2721,4.9705,Abcoude,Utrecht,1391,Netherlands,Europe,5458,,,,,,09/30/2020,,Blue Floral
09/23/2020,9/30/2020,44.0521,-123.0868,Eugene,OR,97405,US,NorthAmerica,434,Eugene,OR,44.0505054,-123.0950506,,,,Surprise Me
09/23/2020,9/26/2020,34.0522,-118.2437,Los Angeles,CA,90049,US,NorthAmerica,347,Los Angeles,CA,33.9792191,-118.256447,,,,Boxes
09/23/2020,9/29/2020,51.4816,-3.1791,Cardiff,x,0,UK,Europe,5263,,,,,,,,Surprise Me
09/23/2020,9/29/2020,43.5528,7.0174,Cannes,France,0000,France,Europe,5987,,,,,,,,Surprise Me
09/23/2020,10/15/2020,-37.7833,144.9838,Fitzroy North,VIC,3068,Australia,EastAsia,7863,,,,,,,,Blue Floral
09/23/2020,10/1/2020,51.5974,-1.1336,Wallingford,Oxfordshire,000000,UK,Europe,5319,,,,,,10/10/2020,10/19/2020,Boxes
09/23/2020,9/30/2020,52.151,4.5282,Leiderdorp,ZH,2353,Netherlands,Europe,5452,,,,,,,,Boxes
09/23/2020,12/21/2020,6.9518,79.9133,Gonawala,"Kelaniya, Sri Lanka",11300,Sri Lanka,EastAsia,9030,,,,,,,,Red Floral
09/23/2020,,24.8347,120.9934,Zhubei City,"Hsinchu County, ",302,Taiwan,EastAsia,6470,,,,,,,,Blue Floral
09/23/2020,10/7/2020,60.1699,24.9384,Helsinki,Finland,00530,Finland,Europe,5419,,,,,,,,Boxes
09/23/2020,10/3/2020,47.3769,8.5417,Zürich,Switzerland,8045,Switzerland,Europe,5822,,,,,,10/03/2020,10/14/2020,Surprise Me
09/23/2020,,6.5392,3.3842,Shomolu,Lagos,100231,Nigeria,Africa,7802,,,,,,,,Surprise Me
09/23/2020,10/6/2020,45.7747,4.7787,Ecully,France,69130,France,Europe,5799,,,,,,,,Boxes
09/23/2020,10/13/2020,-31.7804,115.7438,Mullaloo,WA,6027,Australia,EastAsia,9162,,,,,,,,Surprise Me
09/23/2020,9/29/2020,50.4563,4.8719,Jambes ,BELGIUM,0,Belgium,Europe,5551,,,,,,,,Blue Floral
09/23/2020,9/30/2020,48.7536,8.8727,Weil der Stadt,Baden Württemberg ,71263,Germany,Europe,5755,,,,,,,10/23/2020,Surprise Me
09/23/2020,9/29/2020,52.1402,5.5842,Barneveld,-,3773,Netherlands,Europe,5481,,,,,,10/05/2020,10/23/2020,Blue Floral
09/23/2020,9/29/2020,52.3061,4.6907,Hoofddorp,Netherlands ,2133,Netherlands,Europe,5448,,,,,,,,Surprise Me
09/23/2020,10/7/2020,1.4927,103.7414,Johor Bahru,Johor,81100,Malaysia,EastAsia,8436,,,,,,,,Surprise Me
09/23/2020,9/26/2020,28.0395,-81.9498,Lakeland,FL,33803,US,NorthAmerica,2421,Manasota                      ,FL,27.403583,-82.543791,,,,Boxes
09/23/2020,,35.7915,-78.7811,Cary,NC,27513,US,NorthAmerica,2396,Raleigh,NC,35.9054651,-78.7492316,envelope was empty and no return address,09/29/2020,10/02/2020,Boxes
09/23/2020,10/11/2020,50.1562,23.1238,Lubaczów,podkarpackie,37600,Poland,Europe,6009,,,,,,11/06/2020,11/13/2020,Surprise Me
09/23/2020,9/29/2020,52.0116,4.3571,Delft,ZH,2611,Netherlands,Europe,5455,,,,,not sure when mailed,10/09/2020,10/19/2020,Boxes
09/23/2020,9/26/2020,35.2271,-80.8431,Charlotte,NC,28270,US,NorthAmerica,2297,Charlotte,NC,35.238308,-80.912452,,09/28/2020,10/01/2020,Boxes
09/23/2020,9/27/2020,46.0493,-118.3883,College Place,WA,99324,US,NorthAmerica,607,Spokane,WA,47.6274391,-117.5133288,,,,Surprise Me
09/23/2020,9/30/2020,50.2025,8.577,Oberursel,Germany,1111,Germany,Europe,5667,,,,,,11/06/2020,11/18/2020,Surprise Me
09/23/2020,,30.0131,31.2089,6th Of October,6th Of October,12556,Egypt,Africa,7452,,,,,,,,Blue Floral
09/23/2020,9/30/2020,53.5511,9.9937,Hamburg,Deutschland,20535,Germany,Europe,5517,,,,,,10/05/2020,10/21/2020,Surprise Me
09/23/2020,10/2/2020,43.6532,-79.3832,Toronto,Ontario,123456,Canada,NorthAmerica,2264,,,,,,,,Blue Floral
09/23/2020,9/28/2020,38.9072,-77.0369,Washington,DC,20024,US,NorthAmerica,2435,Washington,DC,38.9173163,-76.9954865,,,,Boxes
09/23/2020,9/26/2020,40.565,-111.839,SANDY,UT,84093,US,NorthAmerica,595,Salt Lake City,UT,40.7596198,-111.8867975,,,,Boxes
09/23/2020,9/26/2020,45.4187,-122.7872,Tigard,OR,97224,US,NorthAmerica,528,Portland,OR,45.5745309,-122.5932357,,,,Boxes
09/28/2020,10/3/2020,46.0646,-118.343,Walla Walla,WA,99362,US,NorthAmerica,609,Spokane,WA,47.6274391,-117.5133288,,,,Red Floral
09/28/2020,10/12/2020,22.3193,114.1694,hong kong,hong kong,000000,Hong Kong,EastAsia,6896,,,,,,,,Surprise Me
09/28/2020,10/3/2020,39.0997,-94.5786,Kansas City,MO,64133,US,NorthAmerica,1503,Kansas City,MO,39.100105,-94.5781416,,,,Surprise Me
09/28/2020,10/3/2020,32.2226,-110.9747,Tucson,AZ,85712,US,NorthAmerica,752,Tucson,AZ,32.2228765,-110.9748477,,10/05/2020,11/4/2020,Boxes
09/28/2020,10/1/2020,40.3302,-79.7307,N. Huntingdon,PA,15642,US,NorthAmerica,2275,Pittsburgh,PA,40.4579648,-80.0196764,,10/02/2020,10/07/2020,Boxes
09/28/2020,10/3/2020,51.5074,-0.1278,london,london,000,UK,Europe,5354,,,,,,,,Boxes
09/28/2020,,38.3603,31.418,Aksehir/Konya ,Konya,42550,Turkey,Europe,6971,,,,,,,,Red Floral
09/28/2020,10/3/2020,51.5812,4.3156,Steenbergen,Netherlands,4651,Netherlands,Europe,5476,,,,,,,,Surprise Me
09/28/2020,10/30/2020,49.0703,23.8543,Bolekhiv,"Ivano-Frankivsk region, Ukraine",77202,Ukraine,Europe,6091,,,,,,,,Boxes
09/28/2020,10/2/2020,38.9072,-77.0369,Washington ,DC,20011,US,NorthAmerica,2435,Washington,DC,38.9173163,-76.9954865,,,,Surprise Me
09/28/2020,10/3/2020,51.7075,-1.7851,Fairford,Glos,0000000,UK,Europe,5294,,,,,,,,Surprise Me
09/28/2020,10/1/2020,42.3471,-76.5951,Newfield,NY,14867,US,NorthAmerica,2414,Rochester,NY,43.0861473,-77.5953457,,,,Blue Floral
09/28/2020,,5.5683,-0.1717,Accra,Labone,00233,Labone,Africa,7677,,,,,,,,Surprise Me
09/28/2020,10/1/2020,42.3876,-71.0995,Somerville,MA,02144,US,NorthAmerica,2690,Boston,MA,42.3508036,-71.0536732,,10/02/2020,10/07/2020,Surprise Me
09/28/2020,10/2/2020,40.1672,-105.1019,Longmont,CO,80504,US,NorthAmerica,943,Denver,CO,39.8317681,-104.6922579,,,,Surprise Me
09/28/2020,,21.8398,87.4232,Mohanpur,West Bengal,741246,India,India,7885,,,,,,,,Surprise Me
09/28/2020,10/2/2020,26.9342,-80.0942,Jupiter,FL,33477,US,NorthAmerica,2557,West Palm Beach,FL,26.715364,-80.0532942,,,,Blue Floral
09/28/2020,10/2/2020,38.7809,-90.7884,Lake St. Louis ,MO,63367,US,NorthAmerica,1707,St. Louis,MO,38.6289041,-90.2052258,,,,Surprise Me
09/28/2020,10/1/2020,44.9778,-93.265,Minneapolis,MN,55413,US,NorthAmerica,1581,Minneapolis,MN,44.9772995,-93.2654692,,10/29/2020,11/3/2020,Surprise Me
10/06/2020,10/19/2020,46.6105,-81.0074,Val Caron,Ontario,22222,Canada,NorthAmerica,2178,,,,,,,,Surprise Me
10/06/2020,10/13/2020,33.4484,-112.074,Phoenix,AZ,85018,US,NorthAmerica,653,Phoenix,AZ,33.4484367,-112.0741417,,,,Boxes
10/06/2020,10/11/2020,42.2612,-71.4634,Ashland,MA,01721,US,NorthAmerica,2673,Central Massachusetts,MA,42.111079,-71.672142,,,,Surprise Me
10/06/2020,11/20/2020,42.9849,-81.2453,London,"Ontario, Canada ",0,Canada,NorthAmerica,2174,,,,,,,,Blue Floral
10/06/2020,10/9/2020,39.0438,-77.4874,Ashburn,VA,20147,US,NorthAmerica,2409,Dulles,VA,39.00074,-77.458761,,10/10/2020,10/14/2020,Blue Floral
10/06/2020,10/9/2020,39.9612,-82.9988,42.3876,-71.0995,43202,US,NorthAmerica,2108,Columbus,OH,39.9622601,-83.0007065,based on postmark,10/14/2020,10/19/2020,Surprise Me
10/06/2020,10/8/2020,37.3688,-122.0363,sunnyvale,CALIFORNIA,94086,US,NorthAmerica,35,San Francisco,CA,37.7790262,-122.4199061,,10/20/2020,10/23/2020,Red Floral
10/06/2020,10/21/2020,33.4484,-112.074,Phoenix,Arizona,85048,US,NorthAmerica,653,Phoenix,AZ,33.4484367,-112.0741417,,,,Surprise Me
10/06/2020,,30.4213,-87.2169,Pensacola,FL,32526,US,NorthAmerica,2064,Pensacola,FL,30.421309,-87.2169149,,,,Boxes
10/06/2020,,42.7262,-71.1909,Methuen ,MA,01844,US,NorthAmerica,2681,Middlesex-Essex,MA,42.566667,-71.185293,,,,Surprise Me
10/06/2020,10/13/2020,39.9689,-74.9489,Moorestown,New Jersey,08057,US,NorthAmerica,2527,South Jersey,NJ,39.8621338,-75.0991456,,10/27/2020,10/30/2020,Surprise Me
10/06/2020,10/15/2020,33.3528,-111.789,Gilbert,AZ,85234,US,NorthAmerica,671,Phoenix,AZ,33.4484367,-112.0741417,,,,Surprise Me
10/06/2020,,29.9841,-90.1529,Metairie,Louisiana,70006,US,NorthAmerica,1653,New Orleans,LA,29.9499323,-90.0701156,,,,Boxes
10/06/2020,10/10/2020,42.1112,-71.6662,Whitinsville,MA,01588,US,NorthAmerica,2665,Central Massachusetts,MA,42.111079,-71.672142,,10/13/2020,10/18/2020,Surprise Me
10/13/2020,10/17/2020,40.4406,-79.9959,Pittsburgh,PA,15217,US,NorthAmerica,2260,Pittsburgh,PA,40.4579648,-80.0196764,,10/20/2020,10/28/2020,Surprise Me
10/13/2020,10/20/2020,40.0150,-105.2705,Boulder,CO,80303,US,NorthAmerica,939,Denver,CO,39.8317681,-104.6922579,,,,Surprise Me
10/13/2020,10/15/2020,44.5646,-123.262,Corvallis,OR,97330,US,NorthAmerica,471,Portland,OR,45.5745309,-122.5932357,,10/29/2020,11/3/2020,Surprise Me
10/13/2020,10/17/2020,41.9933,-70.7285,Kingston,MA,02364,US,NorthAmerica,2714,Brockton,MA,42.0513512,-71.0617417,,10/19/2020,10/24/2020,Surprise Me
10/13/2020,10/16/2020,30.4515,-91.1871,Baton Rouge,LA,70806,US,NorthAmerica,1847,Baton Rouge,LA,30.4459596,-91.18738,,10/19/2020,11/3/2020,Surprise Me
10/13/2020,,-15.7663,-47.8829,Asa Norte,Brazil,70865100,Brazil,SouthAmerica,6248,,,,,,,,Boxes
10/13/2020,10/15/2020,32.7157,-117.1611,San Diego,CA,92129,US,NorthAmerica,458,San Diego,CA,32.985109,-117.080026,,,,Blue Floral
10/13/2020,,40.7128,-74.0060,New York,NY,10025,US,NorthAmerica,2565,New York,NY,42.7930413,-73.9499055,,,,Surprise Me
10/13/2020,10/17/2020,42.5793,-71.4378,Westford,MA,01886,US,NorthAmerica,2670,Middlesex-Essex,MA,42.566667,-71.185293,,,,Boxes
10/13/2020,10/21/2020,49.0504,-122.3045,Abbotsford,BC,238485921,Canada,NorthAmerica,779,,,,,,,,Boxes
10/13/2020,10/17/2020,39.9526,-75.1652,Philadelphia,PA,19146,US,NorthAmerica,2516,Philadelphia,PA,39.904805,-75.23723,,10/23/2020,11/3/2020,Red Floral
10/13/2020,10/16/2020,35.1495,-90.049,Memphis,TN,38112,US,NorthAmerica,1798,Memphis,TN,35.131994,-90.0564307,,10/19/2020,10/23/2020,Surprise Me
10/13/2020,10/16/2020,35.1495,-90.049,Memphis,TN,38111,US,NorthAmerica,1798,Memphis,TN,35.131994,-90.0564307,,,,Boxes
10/13/2020,10/17/2020,33.7490,-84.3880,Atlanta,Ga,30092,US,NorthAmerica,2135,North Metro GA,GA,32.375496,-82.135751,,11/02/2020,11/06/2020,Surprise Me
10/13/2020,10/17/2020,40.5849,-74.3039,Colonia,NJ,07067,US,NorthAmerica,2551,Kearny,NJ,40.7684342,-74.1454214,,,,Surprise Me
10/19/2020,10/26/2020,40.7057,-73.8272,Kew Gardens,NY,11415,US,NorthAmerica,2574,Queens,NY,40.781662,-73.8367022,,,,Boxes
10/19/2020,,40.5853,-105.0844,Fort Collins,CO,80526,US,NorthAmerica,946,Denver,CO,39.8317681,-104.6922579,,,,Boxes
10/19/2020,10/23/2020,29.6516,-82.3248,Gainesville,FL,32607,US,NorthAmerica,2352,Jacksonville,FL,30.3321838,-81.655651,,11/10/2020,11/13/2020,Surprise Me
10/19/2020,11/5/2020,-37.9491,145.046,Highett,Victoria,3190,Australia,EastAsia,7866,,,,,,,,Surprise Me
10/19/2020,,38.9822,-94.6708,Overland Park ,KS,66212,US,NorthAmerica,1498,Kansas City,MO,39.100105,-94.5781416,,,,Blue Floral
10/19/2020,10/22/2020,43.0718,-70.7626,Portsmouth,NH,03801,US,NorthAmerica,2698,Manchester,NH,42.9481825,-71.4451108,,,,Surprise Me
10/19/2020,10/22/2020,40.8687,-75.2549,Pen Argyl,PA,18072,US,NorthAmerica,2499,Lehigh Valley,PA,40.673418,-75.366083,,,,Surprise Me
10/19/2020,10/23/2020,39.1512,-76.9231,Fulton,MD,20759,US,NorthAmerica,2436,Southern Maryland,MD,38.881318,-76.850687,May have been delayed at mailbox place,11/30/2020,12/05/2020,Boxes
10/19/2020,10/27/2020,39.5696,2.6502,Palma,"Illes Balears, SPAIN",07006,Spain,Europe,6059,,,,,,,,Surprise Me
10/19/2020,10/21/2020,32.7157,-117.1611,San Diego,CA,92102,US,NorthAmerica,458,San Diego,CA,32.985109,-117.080026,,,,Surprise Me
10/19/2020,10/26/2020,38.9072,-77.0369,Washington,DC,20001,US,NorthAmerica,2435,Washington,DC,38.9173163,-76.9954865,,10/27/2020,,Surprise Me
10/19/2020,10/23/2020,40.6782,-73.9442,Brooklyn,NY,11201,US,NorthAmerica,2566,Brooklyn,NY,40.6637372,-73.8604624,,,,Blue Floral
10/19/2020,10/21/2020,37.7749,-122.4194,San Francisco,CA,94105,US,NorthAmerica,3,San Francisco,CA,37.7790262,-122.4199061,,10/22/2020,10/24/2020,Boxes
10/19/2020,10/23/2020,35.9132,-79.0558,Chapel Hill,NC,27514,US,NorthAmerica,2379,Raleigh,NC,35.9054651,-78.7492316,,10/24/2020,10/28/2020,Boxes
10/19/2020,10/22/2020,39.0751,-84.4472,Fort Thomas,KY,41075,US,NorthAmerica,2042,Cincinnati,OH,39.1014537,-84.5124602,,,,Blue Floral
10/21/2020,10/26/2020,40.4317,-74.4050,East Brunswick,NJ,08816,US,NorthAmerica,2548,Kearny,NJ,40.7684342,-74.1454214,,,,Blue Floral
10/21/2020,10/24/2020,36.8508,-76.2859,Norfolk,VA,23518,US,NorthAmerica,2509,Norfolk,VA,36.8462923,-76.2929252,,11/11/2020,11/13/2020,Surprise Me
10/21/2020,10/27/2020,53.7555,-1.4735,"Rothwell, Leeds",West Yorkshire,0,UK,Europe,5202,,,,,,10/31/20,11/06/2020,Boxes
10/21/2020,10/23/2020,37.7799,-122.2822,Alameda,CA,94501,US,NorthAmerica,10,Oakland,CA,37.806449,-122.299967,,,,Surprise Me
10/21/2020,10/24/2020,30.2672,-97.7431,Austin,Texas,78729,US,NorthAmerica,1499,Austin,TX,30.334243,-97.6668293,,10/26/2020,10/30/2020,Surprise Me
10/21/2020,10/28/2020,50.2025,8.577,Oberursel,Germany,61440,Gremany,Europe,5667,,,,,,,,Blue Floral
10/21/2020,10/24/2020,42.3876,-71.0995,Somerville,MA,02144,US,NorthAmerica,2690,Boston,MA,42.3508036,-71.0536732,,,,Surprise Me
10/21/2020,10/24/2020,40.7128,-74.0060,New York,NY,10026,US,NorthAmerica,2565,New York,NY,42.7930413,-73.9499055,,,,Surprise Me
10/21/2020,10/26/2020,42.1667,-83.7816,Saline,MI,48176,US,NorthAmerica,2050,Detroit,MI,42.323988,-83.063023,,10/27/2020,10/30/2020,Blue Floral
10/21/2020,10/24/2020,34.7787,-82.3101,Mauldin,SC,29662,US,NorthAmerica,2227,Greenville,SC,34.8039488,-82.3451727,,10/26/2020,10/30/2020,Surprise Me
10/21/2020,10/24/2020,42.1876,-71.3065,Medfield,MA,02052,US,NorthAmerica,2682,Brockton,MA,42.0513512,-71.0617417,,10/26/2020,10/30/2020,Surprise Me
10/21/2020,10/26/2020,29.7604,-95.3698,Houston,TX,77004,US,NorthAmerica,1642,North Houston,TX,29.9302067,-95.323934,,11/16/2020,11/19/20,Blue Floral
10/21/2020,10/26/2020,41.9270,-73.9974,Kingston,NY,12401,US,NorthAmerica,2550,Mid-Hudson,NY,41.513642,-74.113819,,10/29/2020,11/3/2020,Surprise Me
10/21/2020,10/24/2020,42.3876,-71.0995,Somerville,MA,02144,US,NorthAmerica,2690,Boston,MA,42.3508036,-71.0536732,,10/28/2020,11/06/2020,Red Floral
10/21/2020,10/24/2020,33.1032,-96.6706,Allen,TX,75013,US,NorthAmerica,1479,North Texas,TX,32.9550579,-97.0223733,,,,Surprise Me
10/21/2020,10/24/2020,42.9337,-72.2781,Keene,NH,03431,US,NorthAmerica,2624,Manchester,NH,42.9481825,-71.4451108,,10/26/2020,10/30/2020,Surprise Me
10/21/2020,10/24/2020,42.5423,-76.6661,Trumansburg,NY,14886,US,NorthAmerica,2409,Rochester,NY,43.0861473,-77.5953457,,,,Blue Floral
10/21/2020,10/23/2020,37.7749,-122.4194,San Francisco ,CA,94122,US,NorthAmerica,3,San Francisco,CA,37.7790262,-122.4199061,,,,Boxes
10/21/2020,10/24/2020,34.0522,-118.2437,Los Angeles,CA,90041,US,NorthAmerica,347,Los Angeles,CA,33.9792191,-118.256447,,,,Surprise Me
10/21/2020,10/24/2020,47.2529,-122.4443,Tacoma ,WA,98407,US,NorthAmerica,654,Tacoma,WA,47.2209964,-122.4734861,,10/27/2020,10/30/2020,Blue Floral Transparent!
10/21/2020,10/24/2020,38.9072,-77.0369,Washington,DC,20019,US,NorthAmerica,2435,Washington,DC,38.9173163,-76.9954865,,10/27/2020,10/30/2020,Surprise Me
10/21/2020,10/29/2020,40.0503,-105.0500,Erie,CO,80516,US,NorthAmerica,946,Denver,CO,39.8317681,-104.6922579,,,,Surprise Me
10/21/2020,10/24/2020,38.9072,-77.0369,Washington,DC,20010,US,NorthAmerica,2435,Washington,DC,38.9173163,-76.9954865,,10/26/2020,10/30/2020,Blue Floral
10/21/2020,10/26/2020,29.7604,-95.3698,Houston,Texas,77077,US,NorthAmerica,1642,North Houston,TX,29.9302067,-95.323934,,,,Surprise Me
10/23/2020,10/26/2020,39.6295,-79.9559,Morgantown,WV,26505,US,NorthAmerica,2271,Pittsburgh,PA,40.4579648,-80.0196764,,,,Surprise Me
10/23/2020,,33.4487,-86.7878,Vestavia ,AL,35243,US,NorthAmerica,2011,Birmingham,AL,33.5206824,-86.8024326,,,,Surprise Me
10/23/2020,10/28/2020,33.4054,-86.8114,Hoover,AL,35226,US,NorthAmerica,2426,Birmingham,AL,33.5206824,-86.8024326,,,,Blue Floral Transparent!
10/23/2020,11/6/2020,39.2387,-77.2794,Clarksburg,MD,20871,US,NorthAmerica,2417,Suburban Maryland,MD,39.1200935,-77.181295,,,,Blue Floral Transparent!
10/23/2020,10/28/2020,34.8298,-82.6015,Easley,SC,29640,US,NorthAmerica,2209,Greenville,SC,34.8039488,-82.3451727,,10/30/2020,11/3/2020,Surprise Me
10/23/2020,10/26/2020,38.0293,-78.4767,Charlottesville,VA,22902,US,NorthAmerica,2372,Richmond,VA,37.4972,-77.257155,,10/27/2020,11/3/2020,Surprise Me
10/23/2020,10/31/2020,37.0891,-122.0864,Ben Lomond,CA,95005,US,NorthAmerica,51,San Jose,CA,37.3895163,-121.8877285,,,,Blue Floral
10/23/2020,10/29/2020,53.3811,-1.4701,Sheffield,UK,00000,UK,Europe,5221,,,,,,,,Surprise Me
10/23/2020,12/1/2020,-34.9253,138.5608,Mile End,South Australia,5031,Australia,EastAsia,8076,,,,,,,,Surprise Me
10/23/2020,10/26/2020,44.3876,-68.2039,Bar Harbor ,ME,04609,US,NorthAmerica,2808,Eastern,ME,44.778674,-68.796623,,,,Blue Floral Transparent!
10/23/2020,10/26/2020,34.4358,-119.8276,Goleta,CA,93117,US,NorthAmerica,271,Santa Barbara,CA,34.4252537,-119.8660691,,11/09/2020,11/14/2020,Boxes
10/23/2020,10/28/2020,53.0975,-1.3823,Alfreton ,Derbyshire,99999,UK,Europe,5237,,,,,,,,Boxes
10/23/2020,10/29/2020,47.4245,9.3767,St. Gallen,SG,9000,Switzerland,Europe,5831,,,,,,,,Boxes
10/23/2020,10/27/2020,42.3314,-83.0458,Detroit,MI,48206,US,NorthAmerica,2086,Detroit,MI,42.323988,-83.063023,,10/31/2020,11/6/2020,Boxes
10/23/2020,10/26/2020,42.8695,-85.6447,Kentwood,MI,49512,US,NorthAmerica,1955,Grand Rapids,MI,42.9632405,-85.6678639,,10/28/2020,11/3/2020,Red Floral
10/27/2020,11/25/2020,-33.8688,151.2093,Sydney,NSW,2000,Australia,EastAsia,7424,,,,,,12/15/2020,,Blue Floral Transparent!
10/27/2020,11/30/2020,-33.7507,150.6877,Penrith,NSW,2750,Australia,EastAsia,7444,,,,,,,,Surprise Me
10/27/2020,,-33.8068,151.0825,West Ryde,NSW,2114,Australia,EastAsia,7427,,,,,,,,Surprise Me
10/27/2020,,41.2565,-95.9345,Omaha,NE,68102,US,NorthAmerica,1426,Omaha,NE,41.2587459,-95.9383758,,,,Blue Floral Transparent!
10/27/2020,10/29/2020,37.4530,-122.1817,Menlo Park,CA,94025,US,NorthAmerica,26,San Francisco,CA,37.7790262,-122.4199061,,10/31/2020,11/3/2020,Surprise Me
10/27/2020,11/3/2020,59.9139,10.7522,Oslo,Oslo,0664,Norway,Europe,5180,,,,,,11/30/2020,12/10/2020,Boxes
10/27/2020,10/30/2020,42.3732,-72.5199,Amherst,MA ,01002,US,NorthAmerica,2619,Hartford,CT,41.789872,-72.661822,,11/09/2020,11/13/2020,Surprise Me
10/27/2020,,42.2808,-83.7430,Ann Arbor,MI,48104,US,NorthAmerica,2051,Detroit,MI,42.323988,-83.063023,,,,Boxes
10/27/2020,10/31/2020,42.3876,-71.0995,Somerville,MA,02144,US,NorthAmerica,2690,Boston,MA,42.3508036,-71.0536732,,11/6/2020,11/9/2020,Blue Floral
10/27/2020,,42.3480,-71.2471,Auburndale ,MA,02466,US,NorthAmerica,2683,Boston,MA,42.3508036,-71.0536732,,,,Surprise Me
10/27/2020,,52.0705,4.3007,Den Haag,"Zuid Holland, Netherlands",1,Netherlands,Europe,5450,,,,,,,,Surprise Me
10/27/2020,10/31/2020,36.1627,-86.7816,Nashville,TN,37215,US,NorthAmerica,1958,Nashville,TN,36.1493962,-86.6748792,,11/02/2020,11/06/2020,Blue Floral Transparent!
10/27/2020,11/10/2020,40.5853,-105.0844,Fort Collins,CO,80525,US,NorthAmerica,946,Denver,CO,39.8317681,-104.6922579,,,,Boxes
10/27/2020,10/29/2020,37.8715,-122.273,Berkeley,CA,94703,US,NorthAmerica,10,Oakland,CA,37.806449,-122.299967,,,,Blue Floral Transparent!
10/27/2020,10/30/2020,41.1629,-73.8615,Ossining,NY,10562,US,NorthAmerica,2566,Westchester,NY,41.0216443,-73.729067,,11/03/2020,11/06/2020,Blue Floral Transparent!
10/27/2020,11/9/2020,51.5074,-0.1278,London,UK,00000,UK,Europe,5354,,,,,,,,Boxes
10/27/2020,10/30/2020,43.6591,-70.2568,Portland,ME,04102,US,NorthAmerica,2716,Southern,ME,43.658751,-70.266264,,,,Surprise Me
10/29/2020,11/2/2020,29.4241,-98.4936,San Antonio,TX,78254,US,NorthAmerica,1487,San Antonio,TX,29.533415,-98.4091001,,,,Surprise Me
10/29/2020,11/2/2020,38.6270,-90.1994,St. Louis,MO,63110,US,NorthAmerica,1741,St. Louis,MO,38.6289041,-90.2052258,,,,Surprise Me
10/29/2020,10/31/2020,34.0522,-118.2437,Los Angeles,CA,90068,US,NorthAmerica,347,Los Angeles,CA,33.9792191,-118.256447,,11/2/2020,11/06/2020,Blue Floral
10/29/2020,11/2/2020,41.6362,-70.9342,New Bedford,MA,02740,US,NorthAmerica,2709,Providence,RI,41.8387175,-71.4138329,,,,Blue Floral Transparent!
10/29/2020,10/31/2020,34.4358,-119.8276,Goleta,CA,93111,US,NorthAmerica,271,Santa Barbara,CA,34.4252537,-119.8660691,,11/05/2020,11/09/2020,Surprise Me
10/29/2020,11/3/2020,42.4184,-71.1062,Medford,MA,02155,US,NorthAmerica,2689,Boston,MA,42.3508036,-71.0536732,,11/09/2020,11/13/2020,Boxes
10/29/2020,11/3/2020,38.0293,-78.4767,Charlottesville ,VA,22902,US,NorthAmerica,2372,Richmond,VA,37.4972,-77.257155,,,,Blue Floral Transparent!
10/29/2020,11/5/2020,43.8143,-79.424,Thornhill,Ontario,00000,Canada,NorthAmerica,2260,,,,,,,,Blue Floral Transparent!
10/29/2020,11/3/2020,38.8048,-77.0469,Alexandria,VA,22314,US,NorthAmerica,2436,Northern,VA,38.873644,-77.2355603,,,,Blue Floral Transparent!
10/29/2020,11/2/2020,42.2626,-71.8023,Worcester,MA,01602,US,NorthAmerica,2656,Central Massachusetts,MA,42.111079,-71.672142,,,,Surprise Me
10/29/2020,11/2/2020,38.9072,-77.0369,Washington DC,DC,20001,US,NorthAmerica,2435,Washington,DC,38.9173163,-76.9954865,,,,Surprise Me
10/29/2020,11/2/2020,33.2000,-117.2425,Vista,CA,92083,US,NorthAmerica,465,San Diego,CA,32.985109,-117.080026,,,,Boxes
10/29/2020,11/2/2020,43.0623,-89.3335,Monona,WI,53716,US,NorthAmerica,1766,Madison,WI,43.098379,-89.3191675,,,,Red Floral
11/03/2020,11/5/2020,38.9072,-77.0369,Washington,DC,20010,US,NorthAmerica,2435,Washington,DC,38.9173163,-76.9954865,,11/18/2020,11/21/2020,Surprise Me
11/03/2020,11/6/2020,38.8048,-77.0469,Alexandria ,Va,22301,US,NorthAmerica,2436,Northern,VA,38.873644,-77.2355603,,,,Surprise Me
11/03/2020,11/6/2020,44.5439,-73.1479,Colchester,VT,05446,US,NorthAmerica,2565,Burlington,VT,44.505409,-73.14318,,,,Blue Floral Transparent!
11/03/2020,11/13/2020,49.3988,8.6724,Heidelberg,Germany ,69115,Germany,Europe,5714,,,,,,,,Surprise Me
11/03/2020,11/17/2020,43.6532,-79.3832,Toronto,ON,11,Canada,NorthAmerica,2264,,,,,,,,Blue Floral Transparent!
11/03/2020,11/6/2020,43.7153,-72.3079,Norwich,VT,05055,US,NorthAmerica,2614,White River Junction,VT,43.6449413,-72.3332408,,,,Surprise Me
11/03/2020,11/14/2020,52.5200,13.4050,Berlin ,Berlin ,10559,Germany,Europe,5657,,,,,,,,Surprise Me
11/03/2020,11/5/2020,37.3382,-121.8863,San Jose,California,95123,US,NorthAmerica,42,San Jose,CA,37.3895163,-121.8877285,,,,Surprise Me
11/03/2020,12/2/2020,-38.1027,176.7416,Rotorua ,Bay of Plenty,3015,New Zealand,EastAsia,6517,,,,,,,,Surprise Me
11/03/2020,,33.7490,-84.3880,Atlanta,GA,30310,US,NorthAmerica,2135,Atlanta,GA,33.652792,-84.395843,,,,Boxes
11/03/2020,11/6/2020,39.8557,-76.7686,Seven Valleys,PA,17360,US,NorthAmerica,2434,Harrisburg,PA,40.294191,-76.877622,,11/18/2020,11/21/2020,Boxes
11/03/2020,11/10/2020,43.7696,11.2558,Firenze,FI,50122,Italy,Europe,6101,,,,,,,,Surprise Me
11/03/2020,11/12/2020,53.8008,-1.5491,Leeds,West Yorkshire,42,UK,Europe,5198,,,,,,,,Boxes
11/07/2020,11/10/2020,34.1867,-118.4138,Valley Glen,CA,91401,US,NorthAmerica,334,Santa Clarita,CA,34.427245,-118.637359,,11/12/2020,11/18/2020,Surprise Me
11/07/2020,11/13/2020,58.3019,-134.4197,Juneau,AK,99801,US,NorthAmerica,1517,Juneau,AK,58.3019496,-134.419734,,,,Blue Floral
11/07/2020,11/9/2020,37.6138,-122.4869,Pacifica,CA,94044,US,NorthAmerica,12,San Francisco,CA,37.7790262,-122.4199061,,,,Blue Floral
11/07/2020,11/10/2020,38.0293,-78.4767,Charlottesville ,VA,22902,US,NorthAmerica,2372,Richmond,VA,37.4972,-77.257155,,,,Boxes
11/07/2020,11/16/2020,43.6532,-79.3832,Toronto,Ontario,90210,Canada,NorthAmerica,2264,,,,,,,,Blue Floral Transparent!
11/07/2020,11/21/2020,55.605,13.0038,Malmö,Sweden,21442,Sweden,Europe,5471,,,,,,,,Blue Floral
11/07/2020,11/16/2020,50.7753,6.0839,Aachen,Germany,52070,Germany,Europe,5568,,,,,,11/26/2020,12/08/2020,Surprise Me
11/12/2020,11/23/2020,47.0502,8.3093,Luzern,Luzern,6004,Switzerland,Europe,5833,,,,,was delayed at mailbox place,,12/05/2020,Red Floral
11/12/2020,11/17/2020,39.9936,-105.0897,LAFAYETTE,CO,80026,US,NorthAmerica,942,Denver,CO,39.8317681,-104.6922579,,11/19/2020,11/24/2020,Blue Floral Transparent!
11/12/2020,11/16/2020,43.5902,-70.3345,Scarborough,ME,04074,US,NorthAmerica,2713,Southern,ME,43.658751,-70.266264,,11/20/2020,11/24/2020,Surprise Me
11/12/2020,11/20/2020,44.2312,-76.4860,Kingston,ON,00000,Canada,NorthAmerica,2404,,,,,,,,Blue Floral Transparent!
11/12/2020,,53.4265,-3.0662,Wallasey,Merseyside,1234,UK,Europe,5172,,,,,,,,Surprise Me
11/12/2020,11/16/2020,40.4406,-79.9959,Pittsburgh,PA,15236,US,NorthAmerica,2260,Pittsburgh,PA,40.4579648,-80.0196764,,,,Blue Floral Transparent!
11/12/2020,11/14/2020,37.7749,-122.4194,San Francisco,CA,94110,US,NorthAmerica,3,San Francisco,CA,37.7790262,-122.4199061,,,,Blue Floral Transparent!
11/12/2020,11/16/2020,37.7749,-122.4194,San Francisco,CA,94103,US,NorthAmerica,3,San Francisco,CA,37.7790262,-122.4199061,was delayed at mailbox place,11/23/2020,12/05/2020,Boxes
11/12/2020,11/14/2020,37.7749,-122.4194,San Francisco,CA,94114,US,NorthAmerica,3,San Francisco,CA,37.7790262,-122.4199061,,11/16/2020,11/19/2020,Surprise Me
11/16/2020,11/18/2020,37.7749,-122.4194,San Francisco,CA,94107,US,NorthAmerica,3,San Francisco,CA,37.7790262,-122.4199061,,,,Blue Floral
11/16/2020,,37.8715,-122.2730,Berkeley,CA,94704,US,NorthAmerica,10,Oakland,CA,37.806449,-122.299967,,,,Map
11/16/2020,12/9/2020,-27.9480,153.3977,Labrador ,Queensland ,4215,Australia,EastAsia,7081,,,,,,,,Surprise Me
11/16/2020,,47.6062,-122.3321,Seattle,WA,98119,US,NorthAmerica,678,Seattle,WA,47.5069174,-122.2969524,,,,Surprise Me
11/16/2020,11/21/2020,44.9537,-93.0900,St Paul,MN,55104,US,NorthAmerica,1589,St. Paul,MN,44.9504037,-93.1015026,,11/23/2020,11/27/2020,Blue Floral
11/16/2020,11/19/2020,40.7443,-73.4821,Bethpage,NY,11714,US,NorthAmerica,2592,Mid-Island,NY,40.765147,-73.4197295,was delayed at mailbox place,12/01/2020,12/05/2020,Blue Floral Transparent!
11/16/2020,12/7/2020,-33.8814,151.1707,Annandale,New South Wales,2038,Australia,EastAsia,7426,,,,,,,,Blue Floral Transparent!
11/16/2020,,41.8498,-87.8807,Westchester,IL,60154,US,NorthAmerica,1841,Carol Stream,IL,41.9149903,-88.103908,,,,Surprise Me
11/16/2020,11/20/2020,41.0526,-80.6079,Struthers,OH,44471,US,NorthAmerica,2222,Cleveland,OH,41.5051613,-81.6934446,,,,Surprise Me
11/16/2020,11/24/2020,47.2103,-1.6514,Saint-Herblain,FRANCE,44800,France,Europe,5522,,,,,,,,Surprise Me
11/16/2020,,42.2808,-83.7430,Ann Arbor,MI,48109,US,NorthAmerica,2051,Detroit,MI,42.323988,-83.063023,,,,Surprise Me
11/16/2020,11/19/2020,41.0148,-74.0120,River Vale,NJ,07675,US,NorthAmerica,2561,Teterboro,NJ,40.8511877,-74.0694467,was delayed at mailbox place,11/24/2020,12/05/2020,Surprise Me
11/16/2020,11/19/2020,36.1699,-115.1398,Las Vegas,NV,89117,US,NorthAmerica,416,Las Vegas,NV,36.1672559,-115.1485163,,11/20/2020,11/24/2020,Map
11/30/2020,12/3/2020,34.4358,-119.8276,Goleta,CA,93117,US,NorthAmerica,271,Santa Barbara,CA,34.4252537,-119.8660691,,12/04/2020,12/08/2020,Map
11/30/2020,12/3/2020,39.7684,-86.1581,Indianapolis,IN,46227,US,NorthAmerica,1944,Indianapolis,IN,39.7683331,-86.1583502,,,,Map
11/30/2020,,30.4113,-88.8278,Ocean Springs,MS,39564,US,NorthAmerica,1978,Gulfport,MS,30.3674198,-89.0928155,,,,Red Floral
11/30/2020,12/2/2020,37.3382,-121.8863,San Jose,CA,95118,US,NorthAmerica,42,San Jose,CA,37.3895163,-121.8877285,,,,Surprise Me
11/30/2020,12/5/2020,43.002,-75.9769,Manlius ,NY,13104,US,NorthAmerica,2438,Syracuse,NY,43.1211708,-76.1311178,,,,Blue Floral Transparent!
11/30/2020,12/3/2020,43.5279,-71.4704,Laconia,NH,03246,US,NorthAmerica,2657,Manchester,NH,42.9481825,-71.4451108,,,,Surprise Me
11/30/2020,,39.2904,-76.6122,Baltimore,MD,21217,US,NorthAmerica,2451,Baltimore,MD,39.291284,-76.604571,,,,Map
11/30/2020,12/5/2020,40.5795,-74.1502,Staten Island,Ny,10304,US,NorthAmerica,2562,Brooklyn,NY,40.6637372,-73.8604624,,,,Surprise Me
11/30/2020,12/3/2020,29.5016,-97.4525,Gonzales,TX,78629,US,NorthAmerica,1538,Austin,TX,30.334243,-97.6668293,,,,Surprise Me
11/30/2020,12/5/2020,40.6782,-73.9442,Brooklyn,NY,11229,US,NorthAmerica,2566,Brooklyn,NY,40.6637372,-73.8604624,,,,Map
11/30/2020,,39.1031,-84.512,Cincinatti,OH,45255,US,NorthAmerica,2038,Cincinnati,OH,39.1014537,-84.5124602,,,,Surprise Me
12/10/2020,12/15/2020,44.9537,-93.0900,St. Paul,MN,55102,US,NorthAmerica,1589,St. Paul,MN,44.9504037,-93.1015026,,,,Surprise Me
12/10/2020,12/14/2020,39.9205,-105.0867,Broomfield,CO,80020,US,NorthAmerica,945,Denver,CO,39.8317681,-104.6922579,,,,Surprise Me
12/10/2020,,46.0038,-112.5348,Butte,MT,59701,US,NorthAmerica,840,Great Falls,MT,47.5048851,-111.2918908,,,,Surprise Me
12/10/2020,12/16/2020,46.8721,-113.9940,Missoula,MT,59802,US,NorthAmerica,760,Missoula,MT,46.8701049,-113.9952672,,,,Surprise Me
12/10/2020,12/15/2020,47.9129,-122.0982,Snohomish,WA,98296,US,NorthAmerica,700,Seattle,WA,47.5069174,-122.2969524,,,,Surprise Me
12/10/2020,12/16/2020,39.9945,-83.0624,Upper Arlington,OH,43221,US,NorthAmerica,2104,Columbus,OH,39.9622601,-83.0007065,,,,Red Floral
12/10/2020,12/15/2020,42.2798,-71.1627,West Roxbury,MA,02132,US,NorthAmerica,2688,Boston,MA,42.3508036,-71.0536732,,,,Map
12/10/2020,,41.2565,-95.9345,Omaha,NE,68114,US,NorthAmerica,1426,Omaha,NE,41.2587459,-95.9383758,,,,Blue Floral Transparent!
12/10/2020,12/14/2020,41.2565,-95.9345,Omaha,NE,68127,US,NorthAmerica,1426,Omaha,NE,41.2587459,-95.9383758,,,,Boxes
12/10/2020,12/12/2020,38.5449,-121.7405,Davis,CA,95618,US,NorthAmerica,63,Sacramento,CA,38.5723865,-121.568224,,,,Surprise Me
12/10/2020,12/12/2020,37.6688,-122.0810,Hayward,CA,94541,US,NorthAmerica,19,Oakland,CA,37.806449,-122.299967,,,,Surprise Me
12/15/2020,12/24/2020,64.7511,-147.3494,North Pole,Alaska,99705,US,NorthAmerica,2121,Anchorage,AK,61.2163129,-149.8948523,,,,Surprise Me
12/15/2020,12/21/2020,34.1517,-118.5214,Encino,CA,91316,US,NorthAmerica,332,Santa Clarita,CA,34.427245,-118.637359,, ,,Surprise Me
12/15/2020,12/17/2020,37.9746,-122.5616,San Anselmo,CA,94960,US,NorthAmerica,15,San Francisco,CA,37.7790262,-122.4199061,,,,Map
12/15/2020,12/21/2020,39.9612,-82.9988,Columbus,OH,43203,US,NorthAmerica,2108,Columbus,OH,39.9622601,-83.0007065,,,,Orange Floral
12/15/2020,,-33.9087,151.1524,Marrickville,NSW,2204,Australia,EastAsia,7428,,,,,,,,Surprise Me