Date_str,song_parody,transcript,transcript source,vid length (min),video_id,video_type,video_link,2019-02-19,2019-01-28,video_title,2018-01-15,2018-01-29,2018-02-21,2018-03-09,2018-03-17,2018-04-20,2018-05-07,2018-06-08,2018-06-21,2018-07-16,2018-08-21,2018-08-27,2018-09-24,2018-10-15,2018-11-05,2018-12-05,2019-01-14,,RemovedFromYoutube
"Feb 19, 2019",y,borderLies.txt,youtube,4:34,EInIEuNSMrI,.mkv,https://www.youtube.com/watch?v=EInIEuNSMrI,"34,794",0,BORDER LIES - Randy Rainbow Song Parody,0,0,0,0,0,0,0,0,0,0,0,0,0,0,0,0,0,,
"Jan 28, 2019",y,donaldCellBlockTango.txt,youtube,4:33,ihvgfU_g7LI,.webm,https://www.youtube.com/watch?v=ihvgfU_g7LI,"676,796","95,430","""The Donald Trump CELL BLOCK TANGO (Part One) - Randy Rainbow Song Parody""",0,0,0,0,0,0,0,0,0,0,0,0,0,0,0,0,0,,
"Jan 14, 2019",y,nothingLikeAWall.txt,youtube,4:44,ZL5CDt_1xcE,.webm,https://www.youtube.com/watch?v=ZL5CDt_1xcE,"715,995","611,536","""THERE IS NOTHIN' LIKE A WALL""",0,0,0,0,0,0,0,0,0,0,0,0,0,0,0,0,"89,145",,
"Dec 5, 2018",y,tumpFavoriteThings.txt,youtube,4:36,Nv4207c9M74,.webm,https://www.youtube.com/watch?v=Nv4207c9M74,"753,420","692,594","""Trump's Favorite Things!",0,0,0,0,0,0,0,0,0,0,0,0,0,0,0,"27,899","651,476",,
"Nov 5, 2018",y,voting.txt,youtube,4:54,-jDGQHaWiNQ,.webm,https://www.youtube.com/watch?v=-jDGQHaWiNQ,"430,966","406,203","""VOTING!",0,0,0,0,0,0,0,0,0,0,0,0,0,0,"55,431","353,571","393,719",,
"Oct 15, 2018",y,beBest.txt,youtube,4:28,HJVXDqzUFQA,.webm,https://www.youtube.com/watch?v=HJVXDqzUFQA,"684,582","624,315","""Just BE BEST!""",0,0,0,0,0,0,0,0,0,0,0,0,0,"45,240","440,104","517,733","597,324",,
"Sep 24, 2018",y,kavenaugh.txt,youtube,4:44,6gG0-6Ntx7w,.mkv,https://www.youtube.com/watch?v=6gG0-6Ntx7w,"637,162","616,785","""KAVANAUGH!""",0,0,0,0,0,0,0,0,0,0,0,0,"55,808","499,481","553,197","577,874","607,354",,
"Aug 27, 2018",y,ifEverGotImpeached.txt,youtube,4:04,sWTiFcl9OhU,.webm,https://www.youtube.com/watch?v=sWTiFcl9OhU,"980,580","917,804","""IF YOU EVER GOT IMPEACHED""",0,0,0,0,0,0,0,0,0,0,0,"43,719","667,127","722,059","762,215","796,597","888,083",,
"Aug 21, 2018",y,omarosa.txt,youtube,4:22,7Bv_BWUmWN4,.webm,https://www.youtube.com/watch?v=7Bv_BWUmWN4,"636,061","610,911","""OMAROSA!""",0,0,0,0,0,0,0,0,0,0,"65,886","338,084","489,949","520,665","543,993","565,408","598,642",,
"Jul 16, 2018",y,stableGenius.txt,youtube,3:12,k-LTRwZb35A,.webm,https://www.youtube.com/watch?v=k-LTRwZb35A,"1,968,448","1,922,205","""A VERY STABLE GENIUS""",0,0,0,0,0,0,0,0,0,"6,212","1,426,860","1,481,779","1,639,039","1,704,857","1,755,800","1,814,698","1,896,143",,
"Jun 21, 2018",y,wtf.txt,youtube,4:29,ygYA7Au9th0,.mkv,https://www.youtube.com/watch?v=ygYA7Au9th0,"506,894","484,063","""WTF, YOU GUYS!?""",0,0,0,0,0,0,0,0,"11,039","209,860","304,086","321,526","384,845","406,863","427,133","444,560","473,435",,
"Jun 8, 2018",y,commanderOfCheese.txt,youtube,4:14,XFZU1XLwZGg,.mkv,https://www.youtube.com/watch?v=XFZU1XLwZGg,"305,972","286,036","""COMMANDER OF CHEESE!""",0,0,0,0,0,0,0,"13,693","137,239","164,276","200,609","206,934","229,496","238,345","249,213","260,134","277,563",,
"May 7, 2018",y,rudyAndTheBeast.txt,youtube,4:43,rLtEaZtz1E4,.mkv,https://www.youtube.com/watch?v=rLtEaZtz1E4,"748,897","695,527","""RUDY and the BEAST""",0,0,0,0,0,0,"7,023","228,008","249,666","274,453","376,637","413,077","524,073","557,405","583,173","604,431","662,261",,
"Apr 9, 2018",y,none,none,5:01,EBZbwdCHorQ,.webm,https://www.youtube.com/watch?v=EBZbwdCHorQ,"447,026","423,915","""YOU CAN'T STOP HIS TWEETS!""",0,0,0,0,0,"126,308","155,126","198,826","209,029","227,016","287,230","298,777","339,000","352,959","366,212","382,313","412,949",,
"Mar 16, 2018",n,devos.txt,youtube,3:51,hRQNtWLCSh0,.mkv,https://www.youtube.com/watch?v=hRQNtWLCSh0,"297,853","285,601","""Randy Rainbow Interviews Betsy DeVos!""",0,0,0,0,"36,811","140,000","146,172","159,379","163,226","171,180","201,359","207,434","237,540","248,069","255,984","263,765","280,110",,
"Mar 5, 2018",y,kids.txt,youtube,3:50,9dcTw-Jk-yE,.mp4,https://www.youtube.com/watch?v=9dcTw-Jk-yE,"368,521","352,950","""KIDS! A Randy Rainbow Song Parody""",0,0,0,"92,401","134,885","194,300","201,408","213,607","217,901","226,594","259,848","270,436","297,150","306,499","317,291","330,762","347,797",,
"Feb 12, 2018",y,none,none,4:20,nGP0cuilgWE,.webm,https://www.youtube.com/watch?v=nGP0cuilgWE,"409,347","375,115","""STAND BY YOUR MAN (Donald Trump)",0,0,"117,981","142,184","148,032","160,541","163,361","168,989","170,901","175,772","207,373","217,709","266,666","284,704","299,962","319,188","358,205",,
"Jan 29, 2018",y,none,none,4:28,_4q8x5fR4Sw,.webm,https://www.youtube.com/watch?v=_4q8x5fR4Sw,"668,172","630,794","""ALL ABOUT HIS BASE""",0,"23,454","218,187","245,106","254,986","286,047","295,861","315,559","323,193","342,496","403,812","417,885","486,799","511,731","535,787","562,300","615,115",,
"Jan 8, 2018",y,buttons.txt,youtube,3:13,kDB5b5aYef4,.webm,https://www.youtube.com/watch?v=kDB5b5aYef4,"283,590","272,424","""Buttons!"" ","114,209","151,464","173,509","179,943","182,826","191,689","195,185","203,693","206,504","209,697","220,352","223,151","238,499","243,821","250,135","255,579","267,197",,
"Dec 11, 2017",y,sheWasSixteen.txt,youtube,4:59,Y3WhDE-O6lc,.mkv,https://www.youtube.com/watch?v=Y3WhDE-O6lc,"505,409","487,301","""She Was SIXTEEN GOING ON SEVENTEEN""","169,613","189,562","214,218","223,267","227,244","240,566","245,337","261,212","265,713","277,706","332,256","341,679","385,636","405,404","426,714","442,687","472,470",,
"Nov 14, 2017",y,thoseWereTheGoodOldDays.txt,youtube,4:40,2oW1CN8sbw0,.webm,https://www.youtube.com/watch?v=2oW1CN8sbw0,"391,395","376,916","""THOSE WERE THE GOOD OLD DAYS""","184,650","192,420","210,471","216,603","219,740","230,216","233,538","241,474","244,592","262,102","287,331","293,878","331,277","343,048","354,742","361,512","372,474",,
"Oct 31, 2017",y,none,none,3:14,U8vD8ZP-eMI,.webm,https://www.youtube.com/watch?v=U8vD8ZP-eMI,"378,482","364,488","""SWEET INDICTMENT""","204,466","209,199","219,045","224,295","226,169","232,588","234,797","239,778","241,766","247,899","275,029","286,140","316,175","324,310","331,443","339,259","357,020",,
"Oct 11, 2017",y,none,none,4:30,LTosB6V_V24,.webm,https://www.youtube.com/watch?v=LTosB6V_V24,"1,983,311","1,922,430","""DESPERATE CHEETO""","959,900","1,040,356","1,148,607","1,193,144","1,212,828","1,285,319","1,313,437","1,362,788","1,383,122","1,425,942","1,533,133","1,556,186","1,658,282","1,704,869","1,754,730","1,808,379","1,884,678",,
"Sep 25, 2017",y,howDoYouSolveAProblemLikeKorea.txt,youtube,4:37,580dYcYCneA,.webm,https://www.youtube.com/watch?v=580dYcYCneA,"877,409","862,659","""How Do You Solve A Problem Like Korea?""","508,729","536,968","566,442","578,818","584,524","604,510","613,014","647,624","658,406","678,745","749,038","760,479","797,251","810,394","823,784","836,542","855,114",,
"Sep 6, 2017",y,dacaShame.txt,youtube,3:55,q1CqNLgM5JU,.webm,https://www.youtube.com/watch?v=q1CqNLgM5JU,"313,583","296,899","""DACA Shame""","213,831","217,359","224,179","226,907","227,836","231,800","232,756","234,786","235,628","237,718","244,260","246,037","254,821","259,138","265,342","271,055","290,200",,
"Aug 21, 2017",y,yesWeHaveNoSteveBannon.txt,youtube,4:01,If4eQHYKSu8,.mkv,https://www.youtube.com/watch?v=If4eQHYKSu8,"381,793","370,163","""YES! WE HAVE NO STEVE BANNON!""","222,062","227,591","236,837","240,884","243,126","251,175","254,051","260,080","262,064","265,455","279,645","284,457","303,666","315,620","331,872","343,773","359,045",,
"Jul 31, 2017",y,theSychophantItaliano.txt,youtube,4:14,UO3ZIBONcr4,.webm,https://www.youtube.com/watch?v=UO3ZIBONcr4,"277,195","268,461","""THE SYCOPHANT ITALIANO""","175,309","178,921","186,353","189,755","191,629","197,838","199,454","203,883","205,383","207,264","217,587","221,368","233,811","239,044","246,023","252,311","263,189",,
"Jul 21, 2017",y,theRoomWhereItHappened.txt,youtube,4:51,5h56N_uwS7c,.mkv,https://www.youtube.com/watch?v=5h56N_uwS7c,"599,350","580,365","""THE ROOM WHERE IT HAPPENED""","254,894","270,662","290,755","299,585","304,838","322,727","327,368","339,686","343,696","352,907","398,601","412,254","467,007","486,297","502,213","532,403","570,586",,
"Jul 5, 2017",y,beforeHeTweets.txt,youtube,3:45,0kiVjtH7w8w,.webm,https://www.youtube.com/watch?v=0kiVjtH7w8w,"640,810","617,755","""BEFORE HE TWEETS""","425,542","435,043","462,848","473,825","478,042","491,570","495,631","503,451","506,298","512,693","528,106","532,457","556,468","565,051","574,386","586,709","608,762",,
"Jun 16, 2017",y,russiaTies.txt,youtube,4:15,EYgi5MyMqCs,.webm,https://www.youtube.com/watch?v=EYgi5MyMqCs,"579,151","559,388","""RUSSIA TIES""","255,080","260,901","273,719","280,493","283,865","295,792","299,881","308,947","312,363","320,179","372,482","386,656","425,243","446,204","477,013","498,467","527,474",,
"Jun 2, 2017",y,none,none,4:19,1UW2ZndKqcg,.mkv,https://www.youtube.com/watch?v=1UW2ZndKqcg,"714,215","700,234","""COVFEFE: THE BROADWAY MEDLEY!""","523,125","534,567","556,248","565,773","569,680","580,631","584,414","597,048","600,681","608,284","635,163","639,644","658,770","666,025","673,884","681,452","694,598",,
"May 30, 2017",y,none,none,3:46,XQmFeX_Srhs,.mkv,https://www.youtube.com/watch?v=XQmFeX_Srhs,"210,261","201,734","""Donald Trump's MANGO TOUR!""","151,719","152,985","155,765","157,247","157,798","159,778","160,495","161,955","162,567","164,293","169,327","170,994","179,661","183,750","189,324","193,885","199,120",,
"May 15, 2017",y,none,none,4:23,V2OuJYaz_oE,.webm,https://www.youtube.com/watch?v=V2OuJYaz_oE,"350,580","322,446","""THE RUSSIAN CONNECTION""","207,970","210,420","215,341","218,148","219,628","225,372","227,241","231,021","232,220","235,691","248,852","251,041","265,519","273,339","281,768","291,568","312,230",,
"May 1, 2017",y,unpopular.txt,youtube,4:33,TPg0BWvhMkA,.mkv,https://www.youtube.com/watch?v=TPg0BWvhMkA,"592,889","572,327","""UNPOPULAR!""","382,746","390,150","403,774","409,976","413,328","425,597","429,847","438,532","441,599","449,450","471,755","475,902","502,653","522,520","536,634","547,985","564,336",,
"Apr 21, 2017",y,justMyBill.txt,youtube,3:11,_H48C_xf8HE,.webm,https://www.youtube.com/watch?v=_H48C_xf8HE,"183,314","179,123","""JUST MY BILL (O'Reilly)""","123,408","125,675","130,112","131,990","132,800","135,983","137,053","139,650","140,397","141,504","149,359","152,030","163,495","166,841","170,640","173,613","177,398",,
"Apr 6, 2017",n,randyRainbowInterviewsIvankaTrump.txt,youtube,3:18,LPQYAT3wH_g,.webm,https://www.youtube.com/watch?v=LPQYAT3wH_g,"458,152","438,662","""Randy Rainbow Interviews Ivanka Trump""","212,721","220,275","233,385","241,381","249,893","267,457","270,162","281,296","283,839","289,927","317,368","322,628","352,321","365,829","383,893","399,969","432,435",,
"Mar 19, 2017",y,killTheRelease.txt,youtube,2:30,ji5nOTjlVuA,.mkv,https://www.youtube.com/watch?v=ji5nOTjlVuA,"151,430","146,420","""KILL THE RELEASE!""","101,007","102,292","105,325","106,761","107,349","109,699","110,538","112,365","113,417","114,927","119,579","120,821","127,107","130,306","134,692","138,118","142,906",,
"Mar 15, 2017",y,microwaves.txt,youtube,3:40,Ub5GkBtIjhc,.webm,https://www.youtube.com/watch?v=Ub5GkBtIjhc,"382,814","375,648","""MICROWAVES (Are Watching You!)""","280,154","284,506","292,029","295,737","297,628","304,872","307,250","313,442","315,279","319,129","331,952","334,279","346,878","351,993","358,118","363,522","371,762",,
"Mar 6, 2017",y,putinAndTheRitz.txt,youtube,3:14,dReOdQmt-Qk,.mkv,https://www.youtube.com/watch?v=dReOdQmt-Qk,"454,998","437,294","""PUTIN AND THE RITZ""","293,417","297,996","306,990","311,869","314,438","323,069","325,901","332,922","335,011","340,203","375,821","380,193","398,314","403,602","408,972","414,511","429,393",,
"Feb 22, 2017",y,yourMakingThingsUpAgain.txt,youtube,3:52,yf0CKA0zN0g,.webm,https://www.youtube.com/watch?v=yf0CKA0zN0g,"524,763","509,028","""You're Making Things Up Again, Donald!""","330,348","341,614","362,611","371,889","377,127","394,676","397,691","401,024","402,425","406,811","429,402","436,336","461,703","470,459","478,898","488,213","503,253",,
"Feb 6, 2017",y,factChecker.txt,youtube,3:39,NLaYDmJYE8k,.mkv,https://www.youtube.com/watch?v=NLaYDmJYE8k,"568,435","551,233","""FACT-CHECKER, FACT-CHECKER""","438,284","439,903","444,511","446,727","447,650","451,232","452,472","455,126","456,219","459,284","472,540","477,846","501,983","511,585","521,038","529,523","543,442",,
"Jan 24, 2017",y,alternativeFacts.txt,youtube,3:35,OdV_8TGswRA,.webm,https://www.youtube.com/watch?v=OdV_8TGswRA,"725,362","717,177","""ALTERNATIVE FACTS""","617,119","619,749","625,004","627,872","629,242","634,238","636,223","640,127","641,775","645,283","658,463","664,179","686,807","694,007","699,809","704,766","713,122",,
"Jan 17, 2017",y,randyRainbowInterviewsJenniferHolliday.txt,youtube,2:58,IMBwyVGUFls,.mkv,https://www.youtube.com/watch?v=IMBwyVGUFls,"90,049","88,921","""Randy Rainbow Interviews Jennifer Holliday""","76,385","76,836","77,562","78,000","78,244","79,095","79,423","80,159","80,379","80,677","82,024","82,313","84,010","84,925","86,146","86,942","88,364",,
"Jan 11, 2017",y,tweetsTweetsNothingButTweets.txt,youtube,3:11,qEVtRrcg3dg,.mkv,https://www.youtube.com/watch?v=qEVtRrcg3dg,"334,466","318,487","""TWEETS, TWEETS & NOTHING BUT TWEETS""","258,528","259,456","261,830","263,101","263,629","265,595","266,196","267,495","268,045","269,412","274,201","275,566","282,970","287,002","294,852","301,101","312,906",,
"Jan 9, 2017",n,exitInterviewsBarackObama.txt,youtube,4:02,NEel6Ng2e-0,.webm,https://www.youtube.com/watch?v=NEel6Ng2e-0,"338,927","329,792","""Randy Rainbow Exit-Interviews Barack Obama""","239,524","244,618","252,465","256,143","259,211","266,593","268,231","273,659","274,883","277,443","286,195","287,885","299,949","305,287","311,890","317,453","326,705",,
"Dec 14, 2016",n,interviewsDonaldTrumpPart3.txt,youtube,4:10,5e3FuzTPFT0,.mkv,https://www.youtube.com/watch?v=5e3FuzTPFT0,"216,915","213,831","""Randy Rainbow Interviews Donald Trump: PART THREE""","164,050","165,317","167,871","169,071","169,674","172,118","173,114","175,351","175,947","176,785","185,386","187,453","197,335","200,971","204,237","207,628","212,331",,
"Nov 22, 2016",y,donaldTrumpGrowUp.txt,youtube,4:18,5Gxp6gzKvXk,.mkv,https://www.youtube.com/watch?v=5Gxp6gzKvXk,"377,942","363,443","""Donald Trump, Grow Up! - Randy Rainbow HAMILTON Song Parody""","246,664","248,609","256,726","260,226","261,507","266,428","267,871","270,830","272,100","275,470","289,406","295,601","324,068","333,492","340,776","346,797","360,166",,
"Nov 16, 2016",n,interviewsNewFirstFamily.txt,youtube,3:59,o5harjyjggI,.webm,https://www.youtube.com/watch?v=o5harjyjggI,"285,223","279,964","""Randy Rainbow Interviews the New First Family!""","205,302","209,292","216,402","220,183","222,948","230,398","232,315","236,940","238,106","240,959","249,627","251,288","261,258","266,148","270,064","272,712","277,796",,
"Nov 10, 2016",y,none,none,2:55,uc87elr2Ohs,.mkv,https://www.youtube.com/watch?v=uc87elr2Ohs,"100,783","99,087","""HILLARY WINS!?!? - RANDY RAINBOW'S AMERICAN DREAM (Musical)""","79,248","79,861","81,149","81,871","82,217","83,480","83,922","85,000","85,376","86,247","89,423","89,832","92,710","94,109","95,619","96,745","98,386",,
"Nov 6, 2016",y,none,none,2:51,G19s4OmvFw8,.mkv,https://www.youtube.com/watch?v=G19s4OmvFw8,"140,761","130,640","""TRUMP-PENCE, TRUMP-PENCE""","98,698","99,574","101,597","102,600","103,002","104,288","104,644","105,585","105,944","106,890","110,744","112,122","120,562","122,919","125,168","126,920","129,325",,
"Oct 24, 2016",y,nastyWoman.txt,youtube,3:38,WC7u_IKEWwA,.webm,https://www.youtube.com/watch?v=WC7u_IKEWwA,"329,621","322,445","""THE NASTY WOMAN""","261,625","262,960","266,289","267,953","268,583","270,949","271,720","273,658","274,387","276,491","284,813","287,381","297,179","301,256","305,129","308,742","319,560",,
"Oct 18, 2016",n,interviewsMelaniaTrump.txt,youtube,3:45,oYagr8TdBl0,.mkv,https://www.youtube.com/watch?v=oYagr8TdBl0,"1,025,784","1,016,057","""RANDY RAINBOW Interviews MELANIA TRUMP!""","754,213","766,797","790,214","797,357","799,870","808,197","811,011","818,085","820,623","832,073","881,203","892,357","953,253","971,788","983,645","992,068","1,010,211",,
"Oct 10, 2016",y,grabEmBy.txt,youtube,2:14,1jp-PK1TihE,.webm,https://www.youtube.com/watch?v=1jp-PK1TihE,"277,464","263,919","""GRAB 'EM BY THE P***Y! (Censored)""","220,307","221,346","223,763","224,970","225,398","227,313","227,966","229,717","230,301","231,915","237,330","239,476","250,220","253,568","256,522","258,670","262,372",,
"Oct 6, 2016",n,randyRainbowModerates2016VPdebate.txt,youtube,4:03,xGA5O49T_qE,.mkv,https://www.youtube.com/watch?v=xGA5O49T_qE,"105,851","104,593","""RANDY RAINBOW Moderates the 2016 VP DEBATE""","91,104","91,538","92,462","92,925","93,155","94,104","94,378","95,080","95,326","95,653","96,617","96,958","99,306","100,379","101,562","102,362","103,902",,
"Sep 28, 2016",y,braggadocious.txt,youtube,2:57,ldfF6chin5s,.mkv,https://www.youtube.com/watch?v=ldfF6chin5s,"1,052,401","1,045,705","""BRAGGADOCIOUS!: Randy Rainbow Moderates Debate #1""","927,568","935,816","942,104","944,969","946,285","951,855","953,934","959,023","960,988","966,791","980,909","989,804","1,012,060","1,019,556","1,026,630","1,032,203","1,041,932",,
"Sep 20, 2016",n,interviewsTrumpCampaign.txt,youtube,2:53,fkIDDl1u53g,.webm,https://www.youtube.com/watch?v=fkIDDl1u53g,"267,863","265,946","""RANDY RAINBOW Interviews Trump Campaign Manager KELLYANNE CONWAY""","240,786","241,824","244,357","245,546","246,225","248,831","249,977","252,490","253,048","253,727","255,628","256,302","259,632","260,890","262,080","263,018","265,031",,
"Sep 9, 2016",n,interviewsGaryJohnson.txt,youtube,2:18,iYSQH8SFHDY,.mkv,https://www.youtube.com/watch?v=iYSQH8SFHDY,"99,889","99,099","""Randy Rainbow Interviews Gary Johnson #WhatIsAleppo""","86,063","86,362","87,090","87,523","87,701","88,491","88,774","89,546","89,748","89,994","90,904","91,105","92,511","93,251","94,028","97,814","98,704",,
"Sep 3, 2016",n,interviewsLatinosForTump.txt,youtube,2:36,8CtrLnBxeNY,.webm,https://www.youtube.com/watch?v=8CtrLnBxeNY,"122,121","120,653","""RANDY RAINBOW Interviews LATINOS FOR TRUMP""","100,453","101,312","102,880","103,767","104,168","105,819","106,414","108,071","108,509","108,869","110,114","110,624","114,582","116,018","117,359","118,247","119,876",,
"Aug 19, 2016",n,interviewsTrumpsAttorney.txt,youtube,2:43,JjTqyNe0C1w,.mkv,https://www.youtube.com/watch?v=JjTqyNe0C1w,"159,438","155,619","""Randy Rainbow Interviews Donald Trump's Attorney #SaysWho""","92,667","93,591","95,775","96,970","97,547","105,972","115,259","131,448","132,844","134,704","139,968","141,240","146,058","148,095","150,080","151,460","154,334",,
"Aug 2, 2016",n,interviewsDonaldTrumpPart2.txt,youtube,2:37,q81Howk0Dto,.mkv,https://www.youtube.com/watch?v=q81Howk0Dto,"166,165","165,307","""Randy Rainbow Interviews DONALD TRUMP: Part II""","148,006","148,767","150,134","150,762","151,105","152,389","152,977","154,083","154,406","154,890","156,754","157,098","159,053","159,740","162,455","163,509","164,804",,
"Jul 28, 2016",n,interviewsHillaryClintonTimKaine.txt,youtube,3:11,u1XjA0X2uRU,.mkv,https://www.youtube.com/watch?v=u1XjA0X2uRU,"101,215","100,110","""Randy Rainbow Interviews HILLARY CLINTON & TIM KAINE""","82,555","83,038","84,009","84,453","84,645","85,668","86,123","87,115","87,378","87,870","89,483","89,754","91,975","92,753","93,735","97,592","99,580",,
"Jul 21, 2016",y,yaGotTrumpTrouble.txt,youtube,3:44,5_k1L7IHYx0,.mkv,https://www.youtube.com/watch?v=5_k1L7IHYx0,"28,533","28,446","""Ya Got Trump Trouble!""","8,475","10,886","15,358","17,607","18,714","22,779","24,124","26,861","27,669","27,849","27,963","27,986","28,092","28,172","28,227","28,264","28,342",,
"Jun 7, 2016",y,sorryYoureNotHamilton.txt,youtube,3:27,S10DtYaIg0g,.webm,https://www.youtube.com/watch?v=S10DtYaIg0g,"219,366","214,466","""SORRY, YOU'RE NOT HAMILTON""","148,232","151,610","157,648","160,611","163,546","172,901","174,801","178,670","179,970","181,939","188,915","190,223","197,478","201,096","204,562","208,464","212,682",,
"May 19, 2016",n,randyRainbowInterviewsDonaldTrump.txt,youtube,2:32,8Dw3DXBeKIM,.mkv,https://www.youtube.com/watch?v=8Dw3DXBeKIM,"188,405","186,901","""Randy Rainbow Interviews Donald Trump""","166,204","167,043","168,754","169,530","169,924","171,545","172,263","173,772","174,152","174,667","176,876","177,390","180,167","181,358","182,744","183,879","186,024",,
"May 5, 2016",y,tedCruzGOPdropout.txt,youtube,3:34,vdB9nTe4ldE,.mkv,https://www.youtube.com/watch?v=vdB9nTe4ldE,"108,662","105,202","""TED CRUZ GOP DROPOUT""","71,113","71,482","72,433","73,142","73,419","74,309","74,524","75,118","75,363","76,014","77,924","83,341","88,691","91,263","95,037","97,583","101,567",,
"May 5, 2016",y,johnKasichGOPdropout.txt,youtube,3:18,0-XDpLkLNRk,.mkv,https://www.youtube.com/watch?v=0-XDpLkLNRk,"36,992","36,392","""JOHN KASICH GOP DROPOUT""","28,523","28,755","29,328","29,737","29,877","30,324","30,456","30,793","30,950","31,232","32,116","32,343","33,670","34,218","34,793","35,287","36,055",,
"Apr 29, 2016",y,carlyFiorinaDuet.txt,youtube,2:43,rsWEd-phvyw,.webm,https://www.youtube.com/watch?v=rsWEd-phvyw,"56,280","55,583","""RANDY RAINBOW & CARLY FIORINA DUET: Just in Love (with TED CRUZ)""","47,820","48,023","48,458","48,738","48,844","49,374","49,537","49,927","50,042","50,332","51,234","51,377","52,619","53,371","54,062","54,471","55,212",,
"Apr 24, 2016",n,randyRainbowInterviewsBarbaraStreisand.txt,youtube,3:47,vRvsNj1tGQs,.mkv,https://www.youtube.com/watch?v=vRvsNj1tGQs,"123,425","120,902","""Randy Rainbow Interviews Barbra Streisand""","81,567","83,448","87,408","89,067","90,078","93,282","94,521","96,626","97,205","98,301","102,640","103,489","108,878","113,225","115,545","117,364","119,898",,
"Mar 16, 2016",y,marcoRubioGOPdropout.txt,youtube,3:21,KmGuIssaeEg,.mkv,https://www.youtube.com/watch?v=KmGuIssaeEg,"77,000","76,265","""Marco Rubio: GOP DROPOUT""","64,575","64,911","65,687","66,282","66,494","67,051","67,221","67,693","67,936","68,392","70,110","70,462","72,711","73,523","74,293","74,983","75,873",,
"Mar 4, 2016",y,benCarsonGOPdropout.txt,youtube,3:16,KMQgdOLylXo,.mkv,https://www.youtube.com/watch?v=KMQgdOLylXo,"71,052","69,060","""Ben Carson: GOP DROPOUT""","41,367","41,723","42,516","43,096","43,317","44,266","44,592","45,401","45,774","46,562","49,636","50,647","57,923","60,611","63,200","64,823","67,423",,
"Feb 22, 2016",y,jobBushGOPdropout.txt,youtube,3:17,7BntyhRqBAA,.mkv,https://www.youtube.com/watch?v=7BntyhRqBAA,"68,714","66,892","""Jeb Bush GOP DROPOUT""","51,194","51,511","52,242","52,772","52,938","53,387","53,531","53,982","54,235","54,648","55,914","56,234","58,199","59,514","61,559","62,833","65,042",,
"Feb 12, 2016",y,carlyFiorinaGOPdropout.txt,youtube,3:12,jmssam01R2M,.mkv,https://www.youtube.com/watch?v=jmssam01R2M,"119,328","116,938","""Carly Fiorina GOP DROPOUT""","77,885","79,462","82,983","84,673","85,379","88,422","89,382","91,674","92,376","93,368","96,792","97,944","105,380","108,147","110,637","112,303","115,028",,
"Jan 18, 2016",y,none,none,2:19,jDxSg1fSrws,.mkv,https://www.youtube.com/watch?v=jDxSg1fSrws,"210,507","207,576","""Randy Rainbow Performs at a Donald Trump Rally""","147,033","149,309","153,051","154,932","155,879","159,508","160,877","164,657","165,636","167,522","178,456","179,912","194,548","198,445","201,420","203,185","206,376",,
"Dec 24, 2015",n,merryJewishChristmas.txt,youtube,1:31,TK4PRgXXm9U,.mkv,https://www.youtube.com/watch?v=TK4PRgXXm9U,"17,450","16,988","""Merry Jewish Christmas""","12,135","12,281","12,546","12,685","12,747","12,955","13,026","13,196","13,304","13,452","13,913","13,987","14,628","14,994","15,394","15,891","16,718",,
"Oct 21, 2015",n,trickOrTreatsKimDavis.txt,youtube,3:54,BgwRl_T1aP8,.mkv,https://www.youtube.com/watch?v=BgwRl_T1aP8,"57,965","56,662","""Randy Rainbow Trick-or-Treats Kim Davis""","42,254","42,576","43,427","43,854","43,999","44,629","44,818","45,267","45,484","46,050","48,012","48,545","51,297","52,596","54,068","55,032","56,200",,
"Sep 7, 2015",y,kimDavisCellBlockTango.txt,youtube,3:31,14C3TZg6NQM,.mkv,https://www.youtube.com/watch?v=14C3TZg6NQM,"553,290","543,850","""The KIM DAVIS Cell Block Tango - Randy Rainbow""","473,455","475,325","480,516","482,949","483,774","487,139","488,188","491,275","492,404","495,597","504,461","507,197","519,524","524,157","529,041","535,304","541,335",,
"Jun 1, 2015",n,randyShiaGetReadyForBed.txt,youtube,1:03,jD-JqOXCrEo,.mkv,https://www.youtube.com/watch?v=jD-JqOXCrEo,"27,714","27,086","""Randy Rainbow And Shia LaBeouf Get Ready For Bed""","21,888","21,969","22,162","22,271","22,313","22,500","22,558","22,699","22,779","22,916","23,373","23,484","24,297","24,778","25,442","25,955","26,736",,
"Apr 23, 2015",n,interviewsRobertDowneyJr.txt,youtube,2:49,Rq0XX8AcDH0,.mkv,https://www.youtube.com/watch?v=Rq0XX8AcDH0,"41,951","40,999","""Randy Rainbow Interviews Robert Downey Jr.""","31,282","31,486","31,783","31,973","32,061","32,426","32,619","33,479","33,711","34,216","35,501","35,708","37,380","38,186","39,031","39,604","40,588",,
"Mar 29, 2015",y,aSongForIndiana.txt,youtube,2:13,cUA9m-g12ag,.webm,https://www.youtube.com/watch?v=cUA9m-g12ag,"190,254","188,352","""A Song for Indiana - Randy Rainbow""","160,979","161,459","162,647","163,258","163,518","164,615","164,924","165,684","166,010","166,935","170,439","171,916","179,047","181,686","184,227","185,737","187,431",,
"Dec 23, 2014",n,none,none,2:41,5bkjyHwSJYk,.mkv,https://www.youtube.com/watch?v=5bkjyHwSJYk,"37,004","36,091","""Merry Christmas from Randy Rainbow & Bill Cosby!""","21,813","22,376","23,478","23,967","24,177","25,019","25,467","26,579","26,851","27,070","28,223","28,498","30,605","31,931","32,808","33,589","35,591",,
"May 20, 2014",n,donaldSterlingTalksToRandyRainbow.txt,youtube,3:00,NcMWEgmI84M,.mp4,https://www.youtube.com/watch?v=NcMWEgmI84M,"13,637","13,298","""Donald Sterling Talks to Randy Rainbow""","9,284","9,381","9,607","9,745","9,818","10,172","10,274","10,540","10,619","10,747","11,189","11,259","11,786","12,059","12,417","12,695","13,109",,
"Mar 6, 2014",y,adeleDazeem.txt,youtube,3:26,6SgGxP5TqSE,.mp4,https://www.youtube.com/watch?v=6SgGxP5TqSE,"107,209","105,659","""ADELE DAZEEM""","84,456","85,693","88,361","89,406","89,728","90,771","91,125","92,013","92,249","92,853","95,592","96,043","98,504","100,017","101,783","102,915","104,628",,
"Dec 25, 2013",n,aJewForChristmas.txt,youtube,3:18,wsZyELYDzO0,.mkv,https://www.youtube.com/watch?v=wsZyELYDzO0,"78,811","77,089","""Randy Rainbow: A Jew for Christmas""","55,478","56,200","57,449","58,063","58,236","58,882","59,081","59,488","59,671","60,327","62,868","64,032","68,695","70,629","72,351","73,492","76,426",,
"Aug 30, 2013",n,behindTheTiara.txt,youtube,5:50,sYTzq70TsFo,.mkv,https://www.youtube.com/watch?v=sYTzq70TsFo,"16,355","15,871","""Behind the Tiara - Randy Rainbow and Ivy Profen""","7,529","7,777","8,358","8,568","8,659","9,384","9,668","10,133","10,278","10,615","12,274","12,486","13,799","14,283","14,742","15,101","15,653",,
"Aug 1, 2013",n,anthonyWeinerDatingRandy.txt,youtube,4:02,3BBiN98XVvE,.webm,https://www.youtube.com/watch?v=3BBiN98XVvE,"80,671","78,060","""Anthony Weiner is Dating Randy Rainbow""","52,405","52,846","53,966","54,497","54,690","55,390","55,607","56,129","56,404","57,100","59,918","61,623","68,681","71,537","73,435","74,763","76,916",,
"Jan 26, 2013",n,newRandyRainbowShow.txt,youtube,1:28,J_JkjjdgaWA,.mkv,https://www.youtube.com/watch?v=J_JkjjdgaWA,"5,311","5,180","""NEW RANDY RAINBOW SHOW!""","4,003","4,044","4,129","4,184","4,212","4,304","4,324","4,370","4,386","4,422","4,543","4,572","4,715","4,792","4,878","4,965","5,105",,
"Dec 17, 2012",y,susanBoyleAwkwardDiva.txt,youtube,1:35,XcjBQrb202o,.webm,https://www.youtube.com/watch?v=XcjBQrb202o,"16,025","15,490","""Susan Boyle the Awkward Diva | Randy Rainbow""","8,560","8,812","9,376","9,646","9,803","10,316","10,538","11,044","11,148","11,357","12,102","12,259","13,242","13,680","14,140","14,467","15,219",,
"Nov 7, 2012",n,none,none,,2mGy0QiIwNw,.webm,https://www.youtube.com/watch?v=2mGy0QiIwNw,"44,352",0,"""Diane Sawyer Drunk Dials Randy Rainbow | Randy Rainbow""",0,0,0,0,0,0,0,0,0,0,0,0,0,0,0,0,0,,"Added late, on 01-30-19"
"Aug 1, 2012",n,randyRainbowWorksAtChickFilA.txt,youtube,3:40,jiZLFjbqDxQ,.webm,https://www.youtube.com/watch?v=jiZLFjbqDxQ,"450,210","445,170","""Randy Rainbow Works at Chick-fil-A""","384,517","386,406","390,863","392,629","393,361","396,593","397,793","400,803","401,921","404,008","411,083","412,889","422,229","429,778","433,587","436,870","442,044",,
"Jul 15, 2012",n,highSchoolMusical.txt,youtube,5:22,JO571wGDucE,.webm,https://www.youtube.com/watch?v=JO571wGDucE,"53,846","52,815","""High School Musical Starring Randy Rainbow""","36,805","37,503","38,712","39,332","39,656","40,680","41,006","41,822","42,103","42,973","45,398","45,832","48,170","49,286","50,355","51,092","52,439",,
"Jul 5, 2012",n,tomCruiseAndersonCooperSpeedDate.txt,youtube,5:27,G-R7qRPiHtE,.mp4,https://www.youtube.com/watch?v=G-R7qRPiHtE,"61,187","60,235","""Tom Cruise and Anderson Cooper Speed Date""","47,428","47,784","48,482","48,844","49,008","49,660","49,891","50,416","50,594","51,208","52,760","53,105","55,863","56,875","57,799","58,545","59,796",,
"May 13, 2012",n,johnTravoltaHarassesRandy.txt,youtube,4:18,jdMuwTRofR0,.webm,https://www.youtube.com/watch?v=jdMuwTRofR0,"47,573","46,397","""John Travolta Harasses Randy Rainbow""","33,455","33,768","34,341","34,698","34,861","35,393","35,554","35,970","36,115","36,460","37,714","38,276","41,478","42,755","43,895","44,698","45,918",,
"Mar 11, 2012",n,kirkCameronDatingRandy.txt,youtube,4:53,_la4rrc_53c,.mkv,https://www.youtube.com/watch?v=_la4rrc_53c,"64,811","63,762","""Kirk Cameron is Dating Randy Rainbow""","54,033","54,164","54,415","54,569","54,634","54,901","54,982","55,197","55,268","55,413","56,259","56,650","59,191","60,492","61,287","61,921","63,273",,
"Feb 13, 2012",n,mittRomneyKissMe.txt,youtube,4:30,Or2jsyGBxrg,.mkv,https://www.youtube.com/watch?v=Or2jsyGBxrg,"20,349","19,944","""Mitt Romney, Kiss Me!""","16,331","16,400","16,531","16,616","16,666","16,804","16,847","16,963","17,009","17,114","17,565","17,658","18,258","18,566","18,921","19,198","19,760",,
"Dec 25, 2011",y,rickPerryRandyRainbowXmas.txt,youtube,5:09,1DUYZQHeqjI,.mkv,https://www.youtube.com/watch?v=1DUYZQHeqjI,"38,932","38,293","""Rick Perry and Randy Rainbow: The XMas Album""","27,581","28,184","29,177","29,640","29,830","30,515","30,696","31,182","31,338","31,611","32,987","33,305","34,941","35,670","36,404","37,058","38,079",,
"Nov 13, 2011",n,rickPerryGetsDrunkPhoneCall.txt,youtube,4:43,ZQqDWuXT51w,.webm,https://www.youtube.com/watch?v=ZQqDWuXT51w,"22,899","22,588","""Rick Perry Gets a Drunk Phone Call from Randy Rainbow""","18,309","18,391","18,545","18,649","18,702","18,899","18,970","19,145","19,211","19,279","19,582","19,748","20,687","21,108","21,527","21,852","22,416",,
"Oct 30, 2011",n,beaArthurRandyHalloween.txt,youtube,4:08,8kzBfEw44M4,.mkv,https://www.youtube.com/watch?v=8kzBfEw44M4,"19,623","19,246","""Bea Arthur and Randy Rainbow's Halloween Special""","15,219","15,297","15,446","15,526","15,566","15,711","15,766","15,881","15,916","16,025","16,464","16,582","17,383","17,831","18,277","18,558","19,051",,
"Oct 17, 2011",n,theFundraiser.txt,youtube,5:26,YmHu2JRtRug,.mkv,https://www.youtube.com/watch?v=YmHu2JRtRug,"9,601","9,440","""The Fundraiser""","7,444","7,478","7,529","7,567","7,585","7,656","7,684","7,729","7,750","7,789","7,947","7,998","8,350","8,596","8,836","9,006","9,339",,
"Jul 24, 2011",n,marcusBachmannNotGettingMarried.txt,youtube,5:12,mNlTI-P6yTY,.mkv,https://www.youtube.com/watch?v=mNlTI-P6yTY,"19,230","19,015","""Marcus Bachmann Is Not Getting Married to Randy Rainbow""","16,042","16,113","16,213","16,289","16,325","16,458","16,503","16,614","16,653","16,706","16,918","16,991","17,694","18,038","18,296","18,518","18,897",,
"May 1, 2011",n,royalWedding.txt,youtube,4:52,XlJWmrK7Bu8,.webm,https://www.youtube.com/watch?v=XlJWmrK7Bu8,"64,846","63,530","""Royal Wedding: The Morning After""","39,350","40,088","41,692","42,455","42,795","43,935","44,366","46,335","46,846","48,108","52,648","53,629","57,989","59,337","60,549","61,383","63,002",,
"Apr 6, 2011",y,americanIdolWelcomesBack.txt,youtube,5:05,uUI3OGHfk9g,.mkv,https://www.youtube.com/watch?v=uUI3OGHfk9g,"37,403","36,698","""American Idol Welcomes Back Randy Rainbow""","23,396","24,011","25,168","25,665","25,951","26,821","27,103","27,836","27,997","28,456","31,549","31,975","33,952","34,643","35,322","35,741","36,460",,
"Feb 27, 2011",n,charlieSheenRandysNewBoyfriend.txt,youtube,4:42,iHBqXGLsQI0,.mkv,https://www.youtube.com/watch?v=iHBqXGLsQI0,"20,008","19,590","""Charlie Sheen Is Randy Rainbow's New Boyfriend""","15,752","15,837","15,990","16,085","16,147","16,337","16,395","16,525","16,569","16,687","17,059","17,137","17,747","18,142","18,497","18,828","19,394",,
"Feb 13, 2011",n,melGibsonRandySeekCounseling.txt,youtube,5:40,N__uN_l4Gsc,.mkv,https://www.youtube.com/watch?v=N__uN_l4Gsc,"60,967","60,030","""Mel Gibson and Randy Rainbow Seek Counseling""","46,245","46,702","47,380","47,742","47,925","48,587","48,818","49,218","49,404","49,773","51,200","51,769","54,955","56,424","57,490","58,229","59,576",,
"Jan 25, 2011",n,americanIdolAudition.txt,youtube,5:05,QHoh82ZwDjw,.webm,https://www.youtube.com/watch?v=QHoh82ZwDjw,"273,038","266,219","""American Idol Audition""","175,348","180,547","192,063","196,142","198,915","206,026","207,739","212,797","214,470","217,759","229,665","231,327","247,789","251,897","254,735","257,901","264,528",,
"Jan 9, 2011",n,spiderManCastSaved.txt,youtube,5:13,VChJ4SnyfdQ,.mkv,https://www.youtube.com/watch?v=VChJ4SnyfdQ,"11,539","11,336","""Spider-Man Cast Saved by Randy Rainbow""","9,068","9,117","9,190","9,238","9,259","9,342","9,375","9,425","9,450","9,522","9,777","9,859","10,317","10,546","10,940","10,940","11,233",,
"Dec 13, 2010",n,melGibsonSpendsChristmas.txt,youtube,4:39,JLfxq7t2KX4,.mkv,https://www.youtube.com/watch?v=JLfxq7t2KX4,"16,308","15,965","""Mel Gibson Spends Christmas with Randy Rainbow""","11,583","11,655","11,765","11,841","11,877","12,047","12,100","12,225","12,333","12,554","13,139","13,244","13,941","14,403","14,798","15,149","15,792",,
"Nov 18, 2010",n,kanyeWestKicksIt.txt,youtube,3:29,icVRIlkn0hk,.mkv,https://www.youtube.com/watch?v=icVRIlkn0hk,"11,778","11,566","""Kanye West Kicks It With Randy Rainbow""","8,586","8,637","8,732","8,778","8,810","8,916","8,958","9,036","9,062","9,135","9,380","9,465","10,046","10,364","10,716","10,928","11,404",,
"Oct 25, 2010",n,randyRainbowStars.txt,youtube,4:34,YNOzRXKzEfk,.mkv,https://www.youtube.com/watch?v=YNOzRXKzEfk,"13,490","13,159","""Randy Rainbow Stars In a Show!""","9,581","9,637","9,725","9,782","9,817","9,946","9,996","10,065","10,116","10,230","10,605","10,719","11,351","11,722","12,091","12,413","12,973",,
"Oct 3, 2010",n,rachelZoeHiresRandy.txt,youtube,4:55,h3qu6KgoORo,.mkv,https://www.youtube.com/watch?v=h3qu6KgoORo,"13,688","13,440","""Rachel Zoe Hires Randy Rainbow!""","11,046","11,080","11,141","11,189","11,207","11,288","11,320","11,377","11,403","11,449","11,652","11,710","12,073","12,360","12,630","12,841","13,296",,
"Sep 13, 2010",n,randyRainbowGettingMarried.txt,youtube,5:57,3jkRjULDoFk,.webm,https://www.youtube.com/watch?v=3jkRjULDoFk,"41,215","40,348","""Randy Rainbow Getting Married?""","30,146","30,323","30,634","30,864","30,963","31,303","31,401","31,611","31,702","32,149","33,116","33,574","36,237","37,258","38,073","38,717","39,979",,
"Aug 30, 2010",n,lindsayLohanGetsCallFromRandy.txt,youtube,4:18,b3bP3t4u8rg,.mkv,https://www.youtube.com/watch?v=b3bP3t4u8rg,"49,264","48,988","""Lindsay Lohan Gets a Call from Randy Rainbow""","45,427","45,522","45,668","45,756","45,811","45,985","46,038","46,162","46,199","46,290","46,753","46,854","47,477","47,825","48,160","48,387","48,813",,
"Aug 19, 2010",n,drLauraGetsCallFromRandy.txt,youtube,3:04,h7TQRPqK6ig,.mkv,https://www.youtube.com/watch?v=h7TQRPqK6ig,"28,599","28,053","""Dr. Laura Gets a Call from Randy Rainbow""","22,833","22,927","23,143","23,263","23,345","23,626","23,717","23,921","23,995","24,150","24,664","24,796","25,782","26,319","26,742","27,090","27,783",,
"Aug 1, 2010",n,chelseaClintonWedding.txt,youtube,3:23,m1ifaaeii3k,.mkv,https://www.youtube.com/watch?v=m1ifaaeii3k,"50,775","50,339","""Chelsea Clinton's Wedding: The Morning After""","45,815","45,895","46,083","46,369","46,400","46,539","46,589","46,696","46,731","46,928","47,483","47,602","48,465","48,973","49,355","49,642","50,167",,
"May 27, 2010",n,none,none,1:24,EW3CCkdhTic,.mkv,https://www.youtube.com/watch?v=EW3CCkdhTic,"4,859","4,765","""American Idol Reaction""","4,051","4,063","4,092","4,102","4,113","4,139","4,155","4,181","4,190","4,212","4,290","4,301","4,374","4,420","4,507","4,573","4,697",,
"May 23, 2010",n,oprahAudition.txt,youtube,5:41,oJEVnkNY6Sk,.webm,https://www.youtube.com/watch?v=oJEVnkNY6Sk,0,0,"""The Oprah Audition""","16,667","16,912","17,327","17,550","17,666","18,104","18,238","18,607","18,695","18,841","19,372","19,470","20,109","20,418","20,418",0,0,,"Marked as removed by User Nov 5, 2018"
"May 2, 2010",n,previouslyOn.txt,youtube,3:01,iOapmFuX6uc,.mkv,https://www.youtube.com/watch?v=iOapmFuX6uc,"5,769","5,594","""Previously On""","3,915","3,960","4,047","4,114","4,133","4,231","4,273","4,333","4,352","4,389","4,541","4,584","4,831","4,971","5,136","5,243","5,471",,
"Jan 3, 2010",n,visionBoard.txt,youtube,7:05,vu_5dOXzmN8,.webm,https://www.youtube.com/watch?v=vu_5dOXzmN8,"15,096","14,707","""Randy Rainbow's Vision Board""","9,090","9,291","9,673","9,913","10,058","10,416","10,531","10,808","10,928","11,155","11,829","11,932","12,725","13,114","13,556","13,919","14,512",,
"Nov 22, 2009",n,chadKimballInterview.txt,youtube,9:59,sCBzx1Nc2Rc,.mkv,https://www.youtube.com/watch?v=sCBzx1Nc2Rc,"7,180","7,060","""Chad Kimball of the Broadway Show Memphis Interviewed""","5,895","5,921","5,987","6,028","6,043","6,114","6,137","6,205","6,232","6,263","6,356","6,369","6,505","6,603","6,725","6,833","6,978",,
"May 4, 2009",n,mirandaVoiceLessons.txt,youtube,7:14,GWko3MBcGHg,.mkv,https://www.youtube.com/watch?v=GWko3MBcGHg,"30,044","29,541","""Miranda Gives Voice Lessons to Randy Rainbow""","23,480","23,731","24,240","24,501","24,633","25,070","25,169","25,513","25,647","25,876","26,622","26,766","27,581","27,959","28,388","28,734","29,320",,